source_url,url,title,first_seen,last_seen
https://m.qingting.fm/categories/1599/attrs/3823/,https://m.qingting.fm/vchannels/110670/,贝瓦儿歌,1790241076.0091045,1790241076.0091045
https://m.qingting.fm/categories/1599/attrs/3823/,https://m.qingting.fm/vchannels/151250/,豫荐儿歌,1790241076.0091045,1790241076.0091045
https://m.qingting.fm/categories/1599/attrs/3823/,https://m.qingting.fm/vchannels/159540/,宝宝巴士儿歌大全 | 儿童歌曲,1790241076.0091045,1790241076.0091045
https://m.qingting.fm/categories/1599/attrs/3823/,https://m.qingting.fm/vchannels/171790/,宝宝爱听的儿歌,1790241076.0091045,1790241076.0091045
https://m.qingting.fm/categories/1599/attrs/3823/,https://m.qingting.fm/vchannels/243829/,三三儿歌200首,1790241076.0091045,1790241076.0091045
https://m.qingting.fm/categories/1599/attrs/3823/,https://m.qingting.fm/vchannels/264940/,贝乐虎儿歌,1790241076.0091045,1790241076.0091045
https://m.qingting.fm/categories/1599/attrs/3823/,https://m.qingting.fm/vchannels/271891/,【儿童早教】0-3岁宝宝经典童谣儿歌,1790241076.0091045,1790241076.0091045
https://m.qingting.fm/categories/1599/attrs/3823/,https://m.qingting.fm/vchannels/275711/,儿童睡前故事100篇【精选】,1790241076.0091045,1790241076.0091045
https://m.qingting.fm/categories/1599/attrs/3823/,https://m.qingting.fm/vchannels/291162/,经典儿歌合集【高品质儿歌】,1790241076.0091045,1790241076.0091045
https://m.qingting.fm/categories/1599/attrs/3823/,https://m.qingting.fm/vchannels/294125/,小妃摇篮曲,1790241076.0091045,1790241076.0091045
https://m.qingting.fm/categories/1599/attrs/3823/,https://m.qingting.fm/vchannels/304452/,0-3岁宝宝早教幼儿三字儿歌启蒙,1790241076.0091045,1790241076.0091045
https://m.qingting.fm/categories/1599/attrs/3823/,https://m.qingting.fm/vchannels/306054/,宝宝爱听的早教儿歌,1790241076.0091045,1790241076.0091045
https://m.qingting.fm/categories/1599/attrs/3823/,https://m.qingting.fm/vchannels/326665/,宝宝巴士·三字儿歌|0-3岁学说话,1790241076.0091045,1790241076.0091045
https://m.qingting.fm/categories/1599/attrs/3823/,https://m.qingting.fm/vchannels/406510/,宝宝睡前催眠音乐 婴儿睡眠歌曲,1790241076.0091045,1790241076.0091045
https://m.qingting.fm/categories/1599/attrs/3823/,https://m.qingting.fm/vchannels/406590/,新生儿宝宝摇篮曲 睡前音乐八音盒催眠,1790241076.0091045,1790241076.0091045
https://m.qingting.fm/categories/1599/attrs/3823/,https://m.qingting.fm/vchannels/406614/,婴儿早教启蒙儿歌 宝宝胎教音乐精选,1790241076.0091045,1790241076.0091045
https://m.qingting.fm/categories/1599/attrs/3823/,https://m.qingting.fm/vchannels/441539/,多乐儿歌第一季,1790241076.0091045,1790241076.0091045
https://m.qingting.fm/categories/1599/attrs/3823/,https://m.qingting.fm/vchannels/452244/,早教启蒙儿歌|可一儿歌|音乐,1790241076.0091045,1790241076.0091045
https://m.qingting.fm/categories/1599/attrs/3823/,https://m.qingting.fm/vchannels/460834/,儿歌多多 儿歌大全,1790241076.0091045,1790241076.0091045
https://m.qingting.fm/categories/1599/attrs/3823/,https://m.qingting.fm/vchannels/460835/,儿歌多多童年经典儿歌大全,1790241076.0091045,1790241076.0091045
https://m.qingting.fm/categories/1599/attrs/3823/,https://m.qingting.fm/vchannels/461531/,贝乐虎英文儿歌,1790241076.0091045,1790241076.0091045
https://m.qingting.fm/categories/1599/attrs/3823/,https://m.qingting.fm/vchannels/461533/,贝乐虎精选儿歌,1790241076.0091045,1790241076.0091045
https://m.qingting.fm/categories/1599/attrs/3823/,https://m.qingting.fm/vchannels/461541/,贝乐虎儿童音乐剧之超级汽车（动画原声版）,1790241076.0091045,1790241076.0091045
https://m.qingting.fm/categories/1599/attrs/3823/,https://m.qingting.fm/vchannels/461546/,贝乐虎儿童音乐剧之超级汽车2（动画原声）,1790241076.0091045,1790241076.0091045
https://m.qingting.fm/categories/1599/attrs/3823/,https://m.qingting.fm/vchannels/461547/,贝乐虎儿童音乐剧之奇妙的身体（动画原声）,1790241076.0091045,1790241076.0091045
https://m.qingting.fm/categories/1599/attrs/3823/,https://m.qingting.fm/vchannels/461551/,贝乐虎入园记（动画原声版）,1790241076.0091045,1790241076.0091045
https://m.qingting.fm/categories/1599/attrs/3823/,https://m.qingting.fm/vchannels/461552/,贝乐虎之超级汽车3（动画原声版）,1790241076.0091045,1790241076.0091045
https://m.qingting.fm/categories/1599/attrs/3823/,https://m.qingting.fm/vchannels/53340/,儿歌童谣精选,1790241076.0091045,1790241076.0091045
https://m.qingting.fm/categories/1599/attrs/3823/,https://m.qingting.fm/vchannels/53408/,儿童歌曲精选,1790241076.0091045,1790241076.0091045
https://m.qingting.fm/categories/1599/attrs/3823/,https://m.qingting.fm/vchannels/63596/,宝贝催眠曲,1790241076.0091045,1790241076.0091045
