platform,id,album_id,title,url,duration,published,first_seen,last_seen
qingting,28502542,499868,勇气宝宝小乐队,https://m.qingting.fm/vchannels/499868/programs/28502542,129,2024-12-12,1790241091.4338725,1790241091.4338725
qingting,28540784,499868,勇气宝宝大闯关,https://m.qingting.fm/vchannels/499868/programs/28540784,123,2024-12-12,1790241091.4338725,1790241091.4338725
qingting,28540785,499868,勇气宝宝哄睡歌,https://m.qingting.fm/vchannels/499868/programs/28540785,108,2024-12-12,1790241091.4338725,1790241091.4338725
qingting,28540786,499868,勇气宝宝派对舞蹈,https://m.qingting.fm/vchannels/499868/programs/28540786,114,2024-12-12,1790241091.4338725,1790241091.4338725
qingting,28540787,499868,勇气宝宝化妆舞会,https://m.qingting.fm/vchannels/499868/programs/28540787,138,2024-12-12,1790241091.4338725,1790241091.4338725
qingting,28540789,499868,勇气宝宝冰冻舞,https://m.qingting.fm/vchannels/499868/programs/28540789,123,2024-12-13,1790241091.4338725,1790241091.4338725
qingting,28540790,499868,勇气宝宝等你长大,https://m.qingting.fm/vchannels/499868/programs/28540790,134,2024-12-14,1790241091.4338725,1790241091.4338725
qingting,28540791,499868,勇气挑战赛,https://m.qingting.fm/vchannels/499868/programs/28540791,105,2024-12-15,1790241091.4338725,1790241091.4338725
qingting,28540792,499868,勇气小乐队（英文版）,https://m.qingting.fm/vchannels/499868/programs/28540792,97,2024-12-16,1790241091.4338725,1790241091.4338725
qingting,28540793,499868,勇气宝宝OK Go（英文版）,https://m.qingting.fm/vchannels/499868/programs/28540793,94,2024-12-17,1790241091.4338725,1790241091.4338725
