platform,album_id,title,url,plays,plays_value,basis,source_url,source_rank,access,age_band,age_evidence,age_confidence,candidate_rank
蜻蜓FM,326665,宝宝巴士·三字儿歌|0-3岁学说话,https://m.qingting.fm/vchannels/326665/,5551.6万,55516000.0,蜻蜓FM 0-1岁筛选页内按累计播放量排序,https://m.qingting.fm/categories/1599/attrs/4394/,,未核验,0-1岁,蜻蜓FM年龄筛选,高,1
蜻蜓FM,294125,小妃摇篮曲,https://m.qingting.fm/vchannels/294125/,2082.0万,20820000.0,蜻蜓FM 0-1岁筛选页内按累计播放量排序,https://m.qingting.fm/categories/1599/attrs/4394/,,未核验,0-1岁,蜻蜓FM年龄筛选,高,2
蜻蜓FM,406590,新生儿宝宝摇篮曲 睡前音乐八音盒催眠,https://m.qingting.fm/vchannels/406590/,821.1万,8211000.0,蜻蜓FM 0-1岁筛选页内按累计播放量排序,https://m.qingting.fm/categories/1599/attrs/4394/,,未核验,0-1岁,蜻蜓FM年龄筛选,高,3
蜻蜓FM,304452,0-3岁宝宝早教幼儿三字儿歌启蒙,https://m.qingting.fm/vchannels/304452/,678.5万,6785000.0,蜻蜓FM 0-1岁筛选页内按累计播放量排序,https://m.qingting.fm/categories/1599/attrs/4394/,,未核验,0-1岁,蜻蜓FM年龄筛选,高,4
蜻蜓FM,306054,宝宝爱听的早教儿歌,https://m.qingting.fm/vchannels/306054/,434.6万,4346000.0,蜻蜓FM 0-1岁筛选页内按累计播放量排序,https://m.qingting.fm/categories/1599/attrs/4394/,,未核验,0-1岁,蜻蜓FM年龄筛选,高,5
蜻蜓FM,305835,婴幼儿早教英文儿歌,https://m.qingting.fm/vchannels/305835/,423.1万,4231000.0,蜻蜓FM 0-1岁筛选页内按累计播放量排序,https://m.qingting.fm/categories/1599/attrs/4394/,,未核验,0-1岁,蜻蜓FM年龄筛选,高,6
蜻蜓FM,283661,三字经,https://m.qingting.fm/vchannels/283661/,353.3万,3533000.0,蜻蜓FM 0-1岁筛选页内按累计播放量排序,https://m.qingting.fm/categories/1599/attrs/4394/,,未核验,0-1岁,蜻蜓FM年龄筛选,高,7
蜻蜓FM,464506,神奇的朋友 咖宝车神|睡前故事,https://m.qingting.fm/vchannels/464506/,270.8万,2708000.0,蜻蜓FM 0-1岁筛选页内按累计播放量排序,https://m.qingting.fm/categories/1599/attrs/4394/,,未核验,0-1岁,蜻蜓FM年龄筛选,高,8
蜻蜓FM,283659,弟子规,https://m.qingting.fm/vchannels/283659/,216.6万,2166000.0,蜻蜓FM 0-1岁筛选页内按累计播放量排序,https://m.qingting.fm/categories/1599/attrs/4394/,,未核验,0-1岁,蜻蜓FM年龄筛选,高,9
蜻蜓FM,382721,幼儿睡前故事,https://m.qingting.fm/vchannels/382721/,213.8万,2138000.0,蜻蜓FM 0-1岁筛选页内按累计播放量排序,https://m.qingting.fm/categories/1599/attrs/4394/,,未核验,0-1岁,蜻蜓FM年龄筛选,高,10
蜻蜓FM,406510,宝宝睡前催眠音乐 婴儿睡眠歌曲,https://m.qingting.fm/vchannels/406510/,205.9万,2059000.0,蜻蜓FM 0-1岁筛选页内按累计播放量排序,https://m.qingting.fm/categories/1599/attrs/4394/,,未核验,0-1岁,蜻蜓FM年龄筛选,高,11
蜻蜓FM,293340,小蝌蚪找妈妈,https://m.qingting.fm/vchannels/293340/,177.0万,1770000.0,蜻蜓FM 0-1岁筛选页内按累计播放量排序,https://m.qingting.fm/categories/1599/attrs/4394/,,未核验,0-1岁,蜻蜓FM年龄筛选,高,12
蜻蜓FM,306866,幼儿早教音乐儿歌启蒙,https://m.qingting.fm/vchannels/306866/,103.2万,1032000.0,蜻蜓FM 0-1岁筛选页内按累计播放量排序,https://m.qingting.fm/categories/1599/attrs/4394/,,未核验,0-1岁,蜻蜓FM年龄筛选,高,13
蜻蜓FM,398281,幼儿睡前故事绘本,https://m.qingting.fm/vchannels/398281/,86.3万,863000.0,蜻蜓FM 0-1岁筛选页内按累计播放量排序,https://m.qingting.fm/categories/1599/attrs/4394/,,未核验,0-1岁,蜻蜓FM年龄筛选,高,14
蜻蜓FM,327165,公主怎么挖鼻屎,https://m.qingting.fm/vchannels/327165/,27.6万,276000.0,蜻蜓FM 0-1岁筛选页内按累计播放量排序,https://m.qingting.fm/categories/1599/attrs/4394/,,未核验,0-1岁,蜻蜓FM年龄筛选,高,15
