platform,album_id,title,url,plays,plays_value,basis,source_url,source_rank,access,candidate_rank
蜻蜓FM,161294,米小圈上学记（一二三年级）,https://m.qingting.fm/vchannels/161294/,245.8亿,24580000000.0,儿童故事综合推荐池内按累计播放量排序（非全站热榜）,https://m.qingting.fm/categories/1599/attrs/4403/,,未核验,1
蜻蜓FM,53340,儿歌童谣精选,https://m.qingting.fm/vchannels/53340/,15.8亿,1580000000.0,儿童故事综合推荐池内按累计播放量排序（非全站热榜）,https://m.qingting.fm/categories/1599/attrs/4403/,,未核验,2
蜻蜓FM,131930,糊糊妈妈讲《巧克力一号店》,https://m.qingting.fm/vchannels/131930/,14.3亿,1430000000.0,儿童故事综合推荐池内按累计播放量排序（非全站热榜）,https://m.qingting.fm/categories/1599/attrs/4403/,,未核验,3
蜻蜓FM,342746,猴子警长探案记1-2季 | 宝宝巴士故事,https://m.qingting.fm/vchannels/342746/,11.8亿,1180000000.0,儿童故事综合推荐池内按累计播放量排序（非全站热榜）,https://m.qingting.fm/categories/1599/attrs/4403/,,未核验,4
蜻蜓FM,63526,格林童话,https://m.qingting.fm/vchannels/63526/,10.1亿,1010000000.0,儿童故事综合推荐池内按累计播放量排序（非全站热榜）,https://m.qingting.fm/categories/1599/attrs/4403/,,未核验,5
蜻蜓FM,124142,糊糊妈妈讲故事之《猫和老鼠》,https://m.qingting.fm/vchannels/124142/,8.0亿,800000000.0,儿童故事综合推荐池内按累计播放量排序（非全站热榜）,https://m.qingting.fm/categories/1599/attrs/4403/,,未核验,6
蜻蜓FM,207844,西游记（学龄版）,https://m.qingting.fm/vchannels/207844/,7.3亿,730000000.0,儿童故事综合推荐池内按累计播放量排序（非全站热榜）,https://m.qingting.fm/categories/1599/attrs/4403/,,未核验,7
蜻蜓FM,118982,糊糊妈妈讲《海绵宝宝历险记》,https://m.qingting.fm/vchannels/118982/,7.0亿,700000000.0,儿童故事综合推荐池内按累计播放量排序（非全站热榜）,https://m.qingting.fm/categories/1599/attrs/4403/,,未核验,8
蜻蜓FM,375319,米小圈上学记（番外篇）,https://m.qingting.fm/vchannels/375319/,6.9亿,690000000.0,儿童故事综合推荐池内按累计播放量排序（非全站热榜）,https://m.qingting.fm/categories/1599/attrs/4403/,,未核验,9
蜻蜓FM,397137,实习侦探小泼猴,https://m.qingting.fm/vchannels/397137/,6.7亿,670000000.0,儿童故事综合推荐池内按累计播放量排序（非全站热榜）,https://m.qingting.fm/categories/1599/attrs/4403/,,未核验,10
蜻蜓FM,379843,安全警长啦咘啦哆|宝宝巴士故事,https://m.qingting.fm/vchannels/379843/,5.6亿,560000000.0,儿童故事综合推荐池内按累计播放量排序（非全站热榜）,https://m.qingting.fm/categories/1599/attrs/4403/,,未核验,11
蜻蜓FM,473060,哈小浪上学记第1季,https://m.qingting.fm/vchannels/473060/,5.0亿,500000000.0,儿童故事综合推荐池内按累计播放量排序（非全站热榜）,https://m.qingting.fm/categories/1599/attrs/4403/,,未核验,12
蜻蜓FM,322287,海底小纵队,https://m.qingting.fm/vchannels/322287/,4.1亿,409999999.99999994,儿童故事综合推荐池内按累计播放量排序（非全站热榜）,https://m.qingting.fm/categories/1599/attrs/4403/,,未核验,13
蜻蜓FM,158196,老墨家族一一狗戴猫铃,https://m.qingting.fm/vchannels/158196/,4.1亿,409999999.99999994,儿童故事综合推荐池内按累计播放量排序（非全站热榜）,https://m.qingting.fm/categories/1599/attrs/4403/,,未核验,14
蜻蜓FM,236126,《米小圈上学记》四年级,https://m.qingting.fm/vchannels/236126/,2.1亿,210000000.0,儿童故事综合推荐池内按累计播放量排序（非全站热榜）,https://m.qingting.fm/categories/1599/attrs/4403/,,未核验,15
喜马拉雅,73772901,李哪吒上学记｜稀里糊涂一年级&神神气气二年级,https://www.ximalaya.com/album/73772901,26.67亿,,儿童热播榜页面顺序（统计周期未披露）,https://www.ximalaya.com/top/5/100092,01,未核验,1
喜马拉雅,6233693,米小圈上学记:一二三年级 | 畅销出版物,https://www.ximalaya.com/album/6233693,87.68亿,,儿童热播榜页面顺序（统计周期未披露）,https://www.ximalaya.com/top/5/100092,02,未核验,2
喜马拉雅,127729811,口袋里的超级坦克第九季：全宇宙之光|冒险故事|超能装甲兵团,https://www.ximalaya.com/album/127729811,4241.8万,,儿童热播榜页面顺序（统计周期未披露）,https://www.ximalaya.com/top/5/100092,03,未核验,3
喜马拉雅,52125191,猫小九历险记丨少儿大型奇幻冒险丨奇喵宇宙,https://www.ximalaya.com/album/52125191,6.18亿,,儿童热播榜页面顺序（统计周期未披露）,https://www.ximalaya.com/top/5/100092,04,未核验,4
喜马拉雅,38446115,安全警长啦咘啦哆|幼儿日常生活安全科普|宝宝巴士,https://www.ximalaya.com/album/38446115,35.49亿,,儿童热播榜页面顺序（统计周期未披露）,https://www.ximalaya.com/top/5/100092,05,未核验,5
喜马拉雅,130099836,北大怀沙说《三国演义》第3季|爆笑解读|国学名著,https://www.ximalaya.com/album/130099836,166.4万,,儿童热播榜页面顺序（统计周期未披露）,https://www.ximalaya.com/top/5/100092,06,未核验,6
喜马拉雅,79920774,东方幻游记·沙海奇行1｜无光之潮2｜归墟之眼3,https://www.ximalaya.com/album/79920774,2.46亿,,儿童热播榜页面顺序（统计周期未披露）,https://www.ximalaya.com/top/5/100092,07,未核验,7
喜马拉雅,31378010,神探迈克狐· 千面怪盗|侦探大赛|灰狼危机|多多罗,https://www.ximalaya.com/album/31378010,25.00亿,,儿童热播榜页面顺序（统计周期未披露）,https://www.ximalaya.com/top/5/100092,08,未核验,8
喜马拉雅,129992471,爆笑父与子：我是孩子王5 | 亲子笑话|睡前故事,https://www.ximalaya.com/album/129992471,208.5万,,儿童热播榜页面顺序（统计周期未披露）,https://www.ximalaya.com/top/5/100092,09,未核验,9
喜马拉雅,260744,晚安妈妈睡前故事,https://www.ximalaya.com/album/260744,112.43亿,,儿童热播榜页面顺序（统计周期未披露）,https://www.ximalaya.com/top/5/100092,10,未核验,10
喜马拉雅,40123020,莫西西魔法日记·魔法交流会+日常篇1+2| 多多罗,https://www.ximalaya.com/album/40123020,10.12亿,,儿童热播榜页面顺序（统计周期未披露）,https://www.ximalaya.com/top/5/100092,11,未核验,11
喜马拉雅,127044722,神探迈克狐·怪盗归来篇｜多多罗,https://www.ximalaya.com/album/127044722,1364.3万,,儿童热播榜页面顺序（统计周期未披露）,https://www.ximalaya.com/top/5/100092,12,未核验,12
喜马拉雅,54089024,西游记少儿版 | 儿童睡前故事,https://www.ximalaya.com/album/54089024,14.65亿,,儿童热播榜页面顺序（统计周期未披露）,https://www.ximalaya.com/top/5/100092,13,未核验,13
喜马拉雅,121762276,东方幻游记3·归墟之眼篇｜多多罗,https://www.ximalaya.com/album/121762276,2119.2万,,儿童热播榜页面顺序（统计周期未披露）,https://www.ximalaya.com/top/5/100092,14,未核验,14
喜马拉雅,130322748,植物大战僵尸之颠倒大世界,https://www.ximalaya.com/album/130322748,56.9万,,儿童热播榜页面顺序（统计周期未披露）,https://www.ximalaya.com/top/5/100092,15,未核验,15
