date,中国国债收益率10年,中国国债收益率10年-2年
2018-01-01,3.4139,0.4656
2018-01-02,2.9146,0.2272
2018-01-03,4.5272,0.6237
2018-01-04,2.3957,1.1767
2018-01-05,3.5309,0.322
2018-01-08,3.1283,0.858
2018-01-09,3.0227,0.438
2018-01-10,3.7332,0.548
2018-01-11,2.291,0.5744
2018-01-12,2.7077,1.0652
2018-01-15,3.1429,0.8236
2018-01-16,4.0706,0.6674
2018-01-17,3.2445,0.2633
2018-01-18,3.6478,0.0932
2018-01-19,2.2683,0.3356
2018-01-22,2.5806,0.6389
2018-01-23,3.6848,0.5445
2018-01-24,2.8859,0.4651
2018-01-25,3.1685,0.328
2018-01-26,3.5654,0.3776
2018-01-29,2.0975,0.2915
2018-01-30,2.5994,0.0363
2018-01-31,3.1531,0.6114
2018-02-01,2.4268,0.2143
2018-02-02,2.8447,0.4759
2018-02-05,3.1788,0.5998
2018-02-06,2.8674,0.5311
2018-02-07,3.0656,0.2824
2018-02-08,3.2205,1.0916
2018-02-09,3.8651,0.5562
2018-02-12,3.9893,0.9244
2018-02-13,3.0027,0.1789
2018-02-14,2.7861,0.0851
2018-02-15,3.6447,0.308
2018-02-16,3.4553,0.2728
2018-02-19,3.3245,0.7481
2018-02-20,2.7459,0.1617
2018-02-21,3.5225,0.5479
2018-02-22,3.6361,0.2914
2018-02-23,2.3076,0.9961
2018-02-26,3.7087,0.3774
2018-02-27,3.1636,0.8429
2018-02-28,2.8283,0.5666
2018-03-01,2.4115,0.5513
2018-03-02,3.0291,0.477
2018-03-05,3.1694,0.7106
2018-03-06,3.0126,0.439
2018-03-07,2.5978,0.3433
2018-03-08,2.6023,0.205
2018-03-09,3.5527,0.5205
2018-03-12,3.2239,0.5473
2018-03-13,3.3423,0.2693
2018-03-14,3.5145,-0.1551
2018-03-15,3.5588,0.6222
2018-03-16,4.0676,0.4232
2018-03-19,3.1643,0.1595
2018-03-20,3.0703,0.2145
2018-03-21,2.7209,0.5367
2018-03-22,3.3247,0.9486
2018-03-23,3.3322,0.294
2018-03-26,2.8201,0.3023
2018-03-27,3.1837,0.5341
2018-03-28,3.191,0.2544
2018-03-29,5.0322,0.7489
2018-03-30,2.9447,0.3023
2018-04-02,3.823,0.8458
2018-04-03,3.4033,0.7006
2018-04-04,3.1541,0.6774
2018-04-05,3.4041,0.2423
2018-04-06,3.3792,0.2499
2018-04-09,3.1841,0.5658
2018-04-10,3.0753,0.0986
2018-04-11,3.0128,0.4386
2018-04-12,3.0072,0.67
2018-04-13,3.3395,0.1766
2018-04-16,3.141,0.8513
2018-04-17,3.682,-0.5987
2018-04-18,3.8898,1.3727
2018-04-19,3.1723,0.6885
2018-04-20,3.0508,0.4506
2018-04-23,3.86,0.7152
2018-04-24,3.1646,0.1752
2018-04-25,3.3051,0.1027
2018-04-26,3.0075,0.7287
2018-04-27,3.2667,0.864
2018-04-30,3.8471,0.4217
2018-05-01,3.6478,0.4253
2018-05-02,2.6538,0.3093
2018-05-03,2.7746,0.4926
2018-05-04,2.9962,0.104
2018-05-07,3.0487,-0.04
2018-05-08,3.5507,0.4939
2018-05-09,2.1351,0.3471
2018-05-10,3.8447,0.9198
2018-05-11,2.6254,0.4377
2018-05-14,3.7189,0.7667
2018-05-15,2.5702,0.415
2018-05-16,3.0973,0.3967
2018-05-17,3.6326,0.2808
2018-05-18,3.218,0.0735
2018-05-21,3.7845,-0.0134
2018-05-22,4.4553,0.7684
2018-05-23,2.9409,0.4281
2018-05-24,2.7129,0.7133
2018-05-25,2.6159,0.568
2018-05-28,2.4479,-0.1031
2018-05-29,3.0637,0.1211
2018-05-30,2.4006,0.4804
2018-05-31,1.8741,0.5658
2018-06-01,2.8756,0.3396
2018-06-04,4.0035,0.7253
2018-06-05,3.3316,1.2942
2018-06-06,2.554,0.8916
2018-06-07,2.7582,0.4959
2018-06-08,3.6009,0.2511
2018-06-11,3.301,0.9091
2018-06-12,2.9915,1.0782
2018-06-13,3.7581,0.5263
2018-06-14,3.3473,0.3782
2018-06-15,3.0024,0.418
2018-06-18,3.1956,0.638
2018-06-19,3.353,0.6268
2018-06-20,3.8359,0.4671
2018-06-21,2.6562,0.3823
2018-06-22,3.1299,0.1182
2018-06-25,3.0515,0.2155
2018-06-26,2.1948,0.5881
2018-06-27,2.861,0.6568
2018-06-28,2.3951,0.8991
2018-06-29,3.2507,0.6622
2018-07-02,3.0976,0.0426
2018-07-03,3.3385,0.5243
2018-07-04,3.3239,0.5902
2018-07-05,2.3883,0.2615
2018-07-06,3.1862,0.7637
2018-07-09,3.4162,0.3456
2018-07-10,3.6594,0.4873
2018-07-11,3.2025,0.6823
2018-07-12,2.8933,-0.0339
2018-07-13,3.3113,1.0895
2018-07-16,3.8589,0.3305
2018-07-17,3.3096,0.3856
2018-07-18,2.3477,0.2961
2018-07-19,3.4402,0.6217
2018-07-20,3.2138,1.011
2018-07-23,3.2004,0.7787
2018-07-24,2.9843,0.934
2018-07-25,3.2123,-0.0093
2018-07-26,3.2422,0.2149
2018-07-27,2.4765,0.4658
2018-07-30,3.5929,0.9982
2018-07-31,3.0462,0.4328
2018-08-01,3.127,0.4388
2018-08-02,2.9972,0.3014
2018-08-03,3.9027,0.4864
2018-08-06,3.7045,0.7745
2018-08-07,3.9279,0.5606
2018-08-08,3.0384,0.6557
2018-08-09,2.5048,-0.1092
2018-08-10,3.0467,0.6959
2018-08-13,3.7533,0.461
2018-08-14,3.8208,0.648
2018-08-15,2.7636,0.7158
2018-08-16,3.8255,0.5526
2018-08-17,2.478,0.2592
2018-08-20,3.1401,0.1632
2018-08-21,3.2448,0.4043
2018-08-22,3.9336,-0.3092
2018-08-23,2.2521,0.3535
2018-08-24,2.4512,0.5444
2018-08-27,2.0369,-0.0344
2018-08-28,2.6834,0.687
2018-08-29,2.1677,0.7002
2018-08-30,3.3726,0.0055
2018-08-31,2.5922,0.3392
2018-09-03,2.8284,0.5719
2018-09-04,4.2082,0.4806
2018-09-05,3.4137,0.5154
2018-09-06,2.8979,0.5429
2018-09-07,3.4428,0.3985
2018-09-10,3.4886,0.4759
2018-09-11,3.7732,1.0064
2018-09-12,2.8065,0.6288
2018-09-13,3.3081,0.689
2018-09-14,3.1729,0.3919
2018-09-17,3.1291,0.691
2018-09-18,2.962,0.6588
2018-09-19,3.5946,0.5343
2018-09-20,3.5521,0.2059
2018-09-21,2.3895,0.0929
2018-09-24,2.821,0.635
2018-09-25,3.1276,0.9909
2018-09-26,3.5813,0.4522
2018-09-27,3.3,0.1567
2018-09-28,3.6175,0.7451
2018-10-01,3.0856,0.6375
2018-10-02,2.9207,0.3293
2018-10-03,3.2803,0.9183
2018-10-04,3.8565,0.1785
2018-10-05,2.8544,0.4819
2018-10-08,2.9874,0.967
2018-10-09,2.8251,0.1362
2018-10-10,3.1308,0.6929
2018-10-11,3.6719,0.6746
2018-10-12,3.1849,-0.0527
2018-10-15,3.0947,0.5635
2018-10-16,2.9921,0.3531
2018-10-17,2.583,0.503
2018-10-18,3.0471,0.2709
2018-10-19,1.7608,0.6212
2018-10-22,3.3043,0.3315
2018-10-23,2.8923,0.5937
2018-10-24,3.4439,0.3508
2018-10-25,3.199,0.6821
2018-10-26,3.1611,-0.1923
2018-10-29,2.7685,0.7266
2018-10-30,3.652,0.7133
2018-10-31,3.6296,0.5491
2018-11-01,2.5426,0.5825
2018-11-02,3.2452,0.362
2018-11-05,3.9505,0.7633
2018-11-06,3.2781,0.7396
2018-11-07,2.715,0.2178
2018-11-08,2.2486,0.2639
2018-11-09,3.8728,0.5523
2018-11-12,2.5213,1.0161
2018-11-13,2.1865,0.5495
2018-11-14,3.7047,0.6063
2018-11-15,3.4705,0.8756
2018-11-16,3.2057,0.6795
2018-11-19,3.3737,0.5044
2018-11-20,3.1312,0.502
2018-11-21,3.429,0.5129
2018-11-22,3.217,-0.0914
2018-11-23,3.2838,0.482
2018-11-26,3.1952,0.2875
2018-11-27,3.4563,0.6101
2018-11-28,2.8424,0.0038
2018-11-29,3.2701,0.9001
2018-11-30,2.3124,0.13
2018-12-03,2.9681,0.6478
2018-12-04,3.7863,0.1808
2018-12-05,3.1261,-0.0532
2018-12-06,2.9052,0.6683
2018-12-07,3.0016,0.5281
2018-12-10,3.5341,0.671
2018-12-11,2.7903,0.0512
2018-12-12,4.0382,0.5316
2018-12-13,3.2171,0.3805
2018-12-14,3.3839,0.7404
2018-12-17,4.2699,0.4265
2018-12-18,4.2038,0.3993
2018-12-19,2.9337,0.2496
2018-12-20,2.8581,0.4996
2018-12-21,3.0297,0.5014
2018-12-24,3.2782,0.2857
2018-12-25,3.78,0.5201
2018-12-26,2.804,0.2578
2018-12-27,3.2034,0.1139
2018-12-28,2.5558,0.9654
2018-12-31,3.907,0.1255
2019-01-01,3.8099,0.5216
2019-01-02,2.0376,0.8408
2019-01-03,3.2938,0.3192
2019-01-04,3.0703,0.6894
2019-01-07,3.2726,0.3265
2019-01-08,3.3164,0.7518
2019-01-09,3.1772,0.3633
2019-01-10,3.428,0.2074
2019-01-11,3.0831,0.832
2019-01-14,3.8461,0.6408
2019-01-15,3.7099,0.1146
2019-01-16,1.9984,0.4936
2019-01-17,3.6957,0.361
2019-01-18,3.2387,1.0041
2019-01-21,2.596,0.0903
2019-01-22,2.9988,1.0151
2019-01-23,3.3781,0.2856
2019-01-24,3.7593,0.8836
2019-01-25,3.8099,0.9579
2019-01-28,2.994,0.5908
2019-01-29,3.0982,0.5589
2019-01-30,3.7682,0.5672
2019-01-31,3.2439,0.3281
2019-02-01,3.002,0.6034
2019-02-04,2.1441,0.4216
2019-02-05,3.4845,0.7394
2019-02-06,3.3613,0.4922
2019-02-07,2.9925,0.6523
2019-02-08,3.1783,0.3351
2019-02-11,2.3925,1.0209
2019-02-12,3.4358,0.8105
2019-02-13,3.8833,0.8951
2019-02-14,3.7363,0.4534
2019-02-15,2.733,0.6111
2019-02-18,2.8218,0.76
2019-02-19,2.91,0.6032
2019-02-20,2.9635,1.0712
2019-02-21,3.4319,0.5433
2019-02-22,3.6344,0.0054
2019-02-25,2.791,0.2751
2019-02-26,2.9407,0.409
2019-02-27,2.5687,0.6705
2019-02-28,4.3917,0.483
2019-03-01,2.6117,0.7699
2019-03-04,3.8819,0.7628
2019-03-05,3.3404,0.1564
2019-03-06,3.3922,0.7859
2019-03-07,3.4536,0.0812
2019-03-08,2.8169,0.3036
2019-03-11,3.6784,0.1465
2019-03-12,2.4238,0.7111
2019-03-13,3.0298,0.5422
2019-03-14,3.8075,0.9188
2019-03-15,3.3114,0.8491
2019-03-18,2.569,0.0679
2019-03-19,2.8341,0.7598
2019-03-20,2.8717,0.5759
2019-03-21,4.0771,0.6161
2019-03-22,3.1844,0.3059
2019-03-25,3.2085,0.1718
2019-03-26,3.5246,0.3792
2019-03-27,3.7657,0.3041
2019-03-28,3.1623,0.5223
2019-03-29,3.3046,0.72
2019-04-01,2.6847,0.1802
2019-04-02,3.2252,0.7034
2019-04-03,2.2598,0.6658
2019-04-04,3.4074,0.7807
2019-04-05,3.5688,0.8208
2019-04-08,2.6963,0.5442
2019-04-09,2.9094,0.2263
2019-04-10,2.8633,0.5007
2019-04-11,2.4075,-0.3133
2019-04-12,3.6628,0.8844
2019-04-15,2.7861,0.6285
2019-04-16,2.4758,0.2784
2019-04-17,2.9389,0.9034
2019-04-18,3.5127,0.9327
2019-04-19,2.8644,0.937
2019-04-22,3.3592,0.5264
2019-04-23,3.1329,0.426
2019-04-24,3.1316,0.0612
2019-04-25,3.2391,0.2323
2019-04-26,3.8048,0.7206
2019-04-29,3.8172,0.733
2019-04-30,3.6337,0.4836
2019-05-01,3.2689,0.441
2019-05-02,2.9707,1.1719
2019-05-03,2.7727,0.5126
2019-05-06,4.1581,0.5251
2019-05-07,3.7091,0.0453
2019-05-08,3.1219,0.652
2019-05-09,3.4461,-0.2355
2019-05-10,3.3747,0.4282
2019-05-13,3.9918,0.8211
2019-05-14,3.9494,0.2803
2019-05-15,2.0876,0.5602
2019-05-16,3.7429,0.3704
2019-05-17,3.05,0.8269
2019-05-20,3.2103,0.7634
2019-05-21,2.6539,0.5444
2019-05-22,2.9213,0.8345
2019-05-23,2.9897,0.6773
2019-05-24,3.4953,1.0962
2019-05-27,2.8028,0.1482
2019-05-28,2.3499,0.7081
2019-05-29,3.1299,0.7042
2019-05-30,2.966,0.8285
2019-05-31,2.9359,0.3782
2019-06-03,3.3535,0.2651
2019-06-04,2.3725,0.6422
2019-06-05,2.2175,0.5039
2019-06-06,3.2608,0.4235
2019-06-07,3.4086,0.7922
2019-06-10,3.667,0.5623
2019-06-11,3.3144,0.8807
2019-06-12,3.8497,0.3668
2019-06-13,2.8948,0.7916
2019-06-14,4.0465,0.5018
2019-06-17,4.0125,0.2777
2019-06-18,3.3353,0.7472
2019-06-19,3.1696,0.1578
2019-06-20,2.8206,0.956
2019-06-21,3.3178,0.7288
2019-06-24,2.9043,0.687
2019-06-25,3.4031,0.7279
2019-06-26,3.8357,0.4806
2019-06-27,3.5357,0.7967
2019-06-28,2.4653,0.6048
2019-07-01,2.5061,0.4398
2019-07-02,3.861,0.5672
2019-07-03,3.4989,0.1623
2019-07-04,3.9073,1.0822
2019-07-05,4.3754,0.0406
2019-07-08,3.215,0.1935
2019-07-09,3.264,0.7852
2019-07-10,2.7353,0.5695
2019-07-11,3.6736,0.7157
2019-07-12,2.4913,0.9466
2019-07-15,2.9457,1.3563
2019-07-16,2.7576,0.0345
2019-07-17,2.2967,0.8575
2019-07-18,2.7949,0.6072
2019-07-19,3.6,0.7744
2019-07-22,3.856,0.4534
2019-07-23,3.7451,0.4805
2019-07-24,3.1652,0.2604
2019-07-25,3.6628,0.6873
2019-07-26,3.1226,0.4147
2019-07-29,3.6471,0.4799
2019-07-30,2.9295,0.3466
2019-07-31,2.7683,0.804
2019-08-01,3.0888,0.4185
2019-08-02,3.6743,0.0049
2019-08-05,4.1232,0.5041
2019-08-06,3.6323,0.5207
2019-08-07,2.0352,0.1706
2019-08-08,3.4029,1.0066
2019-08-09,2.9822,0.4672
2019-08-12,2.9643,0.6457
2019-08-13,3.2401,0.5799
2019-08-14,3.143,0.3019
2019-08-15,3.5746,0.9646
2019-08-16,3.5605,1.1644
2019-08-19,3.0721,0.5731
2019-08-20,2.9254,0.7179
2019-08-21,4.061,0.4144
2019-08-22,3.2796,0.77
2019-08-23,2.5477,0.2774
2019-08-26,3.5306,0.967
2019-08-27,4.2133,0.2194
2019-08-28,3.7818,0.486
2019-08-29,4.1707,0.7662
2019-08-30,2.9434,0.7295
2019-09-02,3.2341,0.6365
2019-09-03,4.4315,1.2326
2019-09-04,3.0113,0.1735
2019-09-05,2.3287,0.1118
2019-09-06,3.9474,0.7781
2019-09-09,2.888,-0.1187
2019-09-10,4.1808,0.4438
2019-09-11,3.9101,0.5012
2019-09-12,2.6167,0.4964
2019-09-13,2.3722,1.0772
2019-09-16,3.4086,0.3633
2019-09-17,2.7378,0.5368
2019-09-18,3.4128,0.3495
2019-09-19,3.8924,0.4124
2019-09-20,2.8929,0.4671
2019-09-23,3.6145,0.6867
2019-09-24,3.6738,0.4282
2019-09-25,2.8397,0.3698
2019-09-26,3.3276,0.6703
2019-09-27,3.0414,0.3722
2019-09-30,3.3745,0.7068
2019-10-01,3.5589,0.8331
2019-10-02,3.0466,0.477
2019-10-03,3.5458,0.3946
2019-10-04,3.2478,0.7186
2019-10-07,3.5431,0.5439
2019-10-08,3.2388,-0.1428
2019-10-09,3.0164,0.4468
2019-10-10,2.224,0.924
2019-10-11,2.4882,0.1391
2019-10-14,2.1408,1.0929
2019-10-15,4.587,0.1625
2019-10-16,3.413,0.2519
2019-10-17,2.7952,0.8644
2019-10-18,2.8501,0.3365
2019-10-21,3.5607,0.937
2019-10-22,3.0649,0.5798
2019-10-23,3.1391,0.3058
2019-10-24,3.8203,0.2359
2019-10-25,2.9401,0.5769
2019-10-28,3.0858,0.3092
2019-10-29,3.0674,0.8609
2019-10-30,3.8461,0.6302
2019-10-31,3.78,0.2475
2019-11-01,3.1988,0.3363
2019-11-04,3.6788,0.548
2019-11-05,2.8971,0.3765
2019-11-06,3.3391,0.6201
2019-11-07,3.3624,0.8447
2019-11-08,3.5169,0.6991
2019-11-11,1.719,0.252
2019-11-12,3.1695,0.3138
2019-11-13,2.7452,0.8204
2019-11-14,3.2457,0.838
2019-11-15,3.2518,0.5375
2019-11-18,3.8088,1.0044
2019-11-19,3.5165,0.2617
2019-11-20,3.5177,0.4208
2019-11-21,3.3509,0.8003
2019-11-22,4.0614,0.3043
2019-11-25,2.8826,0.3931
2019-11-26,3.3634,0.8478
2019-11-27,2.6944,0.3793
2019-11-28,4.0107,0.4827
2019-11-29,2.7184,0.6449
2019-12-02,3.844,0.5304
2019-12-03,2.0025,0.6723
2019-12-04,3.7115,0.7781
2019-12-05,2.4239,1.1572
2019-12-06,3.3376,0.3418
2019-12-09,3.5804,1.3139
2019-12-10,3.15,0.6597
2019-12-11,2.7014,0.3725
2019-12-12,2.2097,0.2626
2019-12-13,2.8278,1.0054
2019-12-16,2.8078,0.4006
2019-12-17,3.7274,0.5985
2019-12-18,2.9358,0.3968
2019-12-19,3.0394,0.2571
2019-12-20,2.7751,0.3132
2019-12-23,2.8363,0.3549
2019-12-24,3.3068,0.8579
2019-12-25,3.7406,0.4964
2019-12-26,2.9899,0.3391
2019-12-27,2.6357,0.0475
2019-12-30,2.5918,0.6308
2019-12-31,2.7235,0.8234
2020-01-01,3.5843,-0.0433
2020-01-02,3.7553,0.2802
2020-01-03,2.311,0.4769
2020-01-06,2.9168,1.0169
2020-01-07,2.5139,1.0279
2020-01-08,2.916,0.068
2020-01-09,3.0788,0.7533
2020-01-10,3.8083,0.6155
2020-01-13,3.7075,0.6007
2020-01-14,2.8127,0.4274
2020-01-15,3.2297,0.3978
2020-01-16,2.457,0.3676
2020-01-17,3.6122,0.3514
2020-01-20,3.3247,0.7835
2020-01-21,3.2371,0.647
2020-01-22,3.2637,0.663
2020-01-23,3.3258,0.4713
2020-01-24,3.144,0.6294
2020-01-27,3.42,0.5546
2020-01-28,3.689,0.9164
2020-01-29,3.4144,0.2171
2020-01-30,3.1177,0.7516
2020-01-31,3.0508,0.485
2020-02-03,3.5446,0.5556
2020-02-04,2.9457,0.7258
2020-02-05,3.1493,0.0492
2020-02-06,3.418,0.6244
2020-02-07,3.4527,0.2654
2020-02-10,4.3835,0.8641
2020-02-11,2.8295,0.5478
2020-02-12,2.3063,0.5095
2020-02-13,3.1238,0.666
2020-02-14,3.5858,0.5475
2020-02-17,3.8491,0.1125
2020-02-18,3.6423,0.1885
2020-02-19,2.8023,0.2081
2020-02-20,3.6164,0.5025
2020-02-21,3.0292,0.6691
2020-02-24,3.5123,0.2894
2020-02-25,3.3724,0.3197
2020-02-26,2.2452,0.9052
2020-02-27,2.562,-0.161
2020-02-28,3.0543,0.2511
2020-03-02,3.3016,0.5415
2020-03-03,2.8827,0.8442
2020-03-04,3.0508,0.3048
2020-03-05,3.337,0.3593
2020-03-06,3.3063,0.5101
2020-03-09,3.8056,0.6976
2020-03-10,2.8624,-0.0892
2020-03-11,2.9807,0.8101
2020-03-12,2.9113,0.6649
2020-03-13,3.3536,0.8578
2020-03-16,2.6807,0.5403
2020-03-17,2.2967,0.5531
2020-03-18,2.983,0.4881
2020-03-19,2.6477,0.865
2020-03-20,3.4108,0.561
2020-03-23,3.6654,0.7064
2020-03-24,2.279,0.5472
2020-03-25,3.3602,0.2693
2020-03-26,3.3158,0.0777
2020-03-27,3.9299,0.0302
2020-03-30,3.6553,0.6312
2020-03-31,2.3564,0.535
2020-04-01,3.7957,0.8217
2020-04-02,3.9833,0.2973
2020-04-03,2.8879,0.4021
2020-04-06,4.1649,0.4845
2020-04-07,2.7063,0.3923
2020-04-08,3.217,0.8086
2020-04-09,2.764,0.2837
2020-04-10,4.1032,0.6306
2020-04-13,3.7931,0.2397
2020-04-14,3.7007,0.5511
2020-04-15,3.1994,0.4909
2020-04-16,3.227,0.1988
2020-04-17,3.6662,0.2487
2020-04-20,3.2365,0.7366
2020-04-21,3.4582,0.7841
2020-04-22,3.6206,0.6758
2020-04-23,3.1451,0.405
2020-04-24,3.4681,0.5252
2020-04-27,3.2285,0.5707
2020-04-28,2.6262,0.3171
2020-04-29,4.2358,0.1258
2020-04-30,3.2189,0.5204
2020-05-01,3.1959,1.6984
2020-05-04,3.0288,-0.0632
2020-05-05,2.8171,0.1186
2020-05-06,2.9033,0.2845
2020-05-07,3.9304,0.6046
2020-05-08,3.6231,0.8406
2020-05-11,3.3228,0.9931
2020-05-12,3.8328,0.6138
2020-05-13,3.3088,0.3393
2020-05-14,3.2065,0.6883
2020-05-15,3.4786,0.3593
2020-05-18,3.5988,0.7469
2020-05-19,2.8832,0.1324
2020-05-20,2.8747,0.712
2020-05-21,3.5894,0.8197
2020-05-22,4.1274,0.4109
2020-05-25,3.3065,0.7151
2020-05-26,2.6382,0.1485
2020-05-27,3.6205,0.7607
2020-05-28,3.1838,0.1957
2020-05-29,3.1708,0.4448
2020-06-01,2.3063,0.4344
2020-06-02,4.1999,0.247
2020-06-03,3.4595,0.2291
2020-06-04,2.5873,0.9146
2020-06-05,2.1482,0.4636
2020-06-08,3.8801,0.4899
2020-06-09,2.8169,0.1676
2020-06-10,2.6202,0.5474
2020-06-11,2.447,0.9824
2020-06-12,2.7582,0.515
2020-06-15,3.3149,0.5647
2020-06-16,3.4867,0.7801
2020-06-17,3.4679,0.5929
2020-06-18,3.4228,0.9733
2020-06-19,3.024,0.2343
2020-06-22,3.3517,0.9674
2020-06-23,3.0018,0.7697
2020-06-24,4.0294,0.3092
2020-06-25,2.9437,0.9692
2020-06-26,3.4984,0.5151
2020-06-29,2.5387,0.1781
2020-06-30,3.654,1.115
2020-07-01,3.2829,0.2435
2020-07-02,3.4082,0.7433
2020-07-03,3.5212,0.3364
2020-07-06,3.3624,0.7666
2020-07-07,3.444,0.241
2020-07-08,3.5028,0.4573
2020-07-09,2.8665,-0.0147
2020-07-10,3.4267,0.7199
2020-07-13,3.2871,0.1709
2020-07-14,2.6166,0.8145
2020-07-15,4.0495,0.7149
2020-07-16,3.2403,0.4705
2020-07-17,3.3761,-0.0762
2020-07-20,3.0747,0.8048
2020-07-21,3.3105,0.4446
2020-07-22,3.4327,0.1837
2020-07-23,3.3803,0.3029
2020-07-24,3.6257,0.3741
2020-07-27,2.2834,0.0106
2020-07-28,4.1978,0.8502
2020-07-29,3.7651,0.3982
2020-07-30,3.2484,0.1379
2020-07-31,3.1061,0.5223
2020-08-03,2.8417,0.3866
2020-08-04,2.4593,0.0574
2020-08-05,3.5434,0.8525
2020-08-06,4.002,0.6895
2020-08-07,2.9131,0.8516
2020-08-10,3.415,0.2647
2020-08-11,1.7529,0.8617
2020-08-12,2.808,0.0369
2020-08-13,3.1822,0.5802
2020-08-14,2.734,0.8615
2020-08-17,3.6481,0.6471
2020-08-18,3.2146,0.5761
2020-08-19,2.4872,0.2576
2020-08-20,3.9374,0.4831
2020-08-21,2.3425,0.5523
2020-08-24,3.9171,0.8462
2020-08-25,3.7386,0.637
2020-08-26,3.5968,1.1155
2020-08-27,3.983,0.2472
2020-08-28,2.6093,-0.2089
2020-08-31,3.1005,0.7737
2020-09-01,3.571,0.6664
2020-09-02,3.3985,0.5439
2020-09-03,4.0629,-0.091
2020-09-04,3.5713,0.3479
2020-09-07,2.8325,0.2353
2020-09-08,2.6753,1.1895
2020-09-09,3.6072,0.8708
2020-09-10,2.8167,0.5508
2020-09-11,3.2057,0.0643
2020-09-14,2.6646,0.6032
2020-09-15,3.568,0.7077
2020-09-16,3.4957,0.6875
2020-09-17,2.3972,0.7246
2020-09-18,2.9075,0.342
2020-09-21,3.0594,0.4847
2020-09-22,3.0745,0.6626
2020-09-23,3.0998,0.8431
2020-09-24,3.1169,0.7623
2020-09-25,2.7212,0.7888
2020-09-28,3.4324,0.7083
2020-09-29,2.7956,0.878
2020-09-30,2.1432,0.5965
2020-10-01,2.8941,0.7565
2020-10-02,3.2437,0.3254
2020-10-05,3.5746,0.4212
2020-10-06,2.5584,0.0181
2020-10-07,3.3206,-0.0105
2020-10-08,3.0305,0.6047
2020-10-09,3.9586,0.9476
2020-10-12,3.1346,0.0789
2020-10-13,3.317,0.4191
2020-10-14,4.0879,1.141
2020-10-15,2.7416,0.4358
2020-10-16,1.6465,0.2226
2020-10-19,2.0166,0.3699
2020-10-20,2.2629,-0.3648
2020-10-21,2.8282,0.7339
2020-10-22,2.4976,0.157
2020-10-23,3.7103,0.4706
2020-10-26,3.1984,0.7264
2020-10-27,3.2603,0.4213
2020-10-28,3.2236,0.5404
2020-10-29,2.3922,0.2717
2020-10-30,4.626,0.5024
2020-11-02,3.8207,0.6409
2020-11-03,3.8083,0.0923
2020-11-04,3.1416,0.6546
2020-11-05,2.7003,0.5632
2020-11-06,2.6667,0.7544
2020-11-09,4.0285,0.439
2020-11-10,3.7526,0.7481
2020-11-11,3.3039,0.0618
2020-11-12,2.7935,0.4242
2020-11-13,3.361,0.6504
2020-11-16,3.4403,0.1274
2020-11-17,2.7983,-0.0493
2020-11-18,2.9057,0.1405
2020-11-19,2.9214,0.275
2020-11-20,2.9213,0.5016
2020-11-23,2.4581,0.2422
2020-11-24,2.5363,0.3946
2020-11-25,4.1202,0.5506
2020-11-26,3.7501,0.4261
2020-11-27,3.26,0.2848
2020-11-30,3.0106,0.7352
2020-12-01,2.8484,0.6114
2020-12-02,2.5047,0.1963
2020-12-03,3.3489,0.5406
2020-12-04,2.7012,0.6587
2020-12-07,3.5896,0.3674
2020-12-08,2.2584,0.4981
2020-12-09,3.1813,0.4748
2020-12-10,3.0351,0.4637
2020-12-11,2.7394,0.806
2020-12-14,3.2844,0.2163
2020-12-15,3.2888,0.6865
2020-12-16,4.5825,0.6163
2020-12-17,3.0077,0.7139
2020-12-18,3.9281,0.2421
2020-12-21,2.9847,0.9534
2020-12-22,3.1193,0.4746
2020-12-23,3.2778,1.2844
2020-12-24,3.2897,0.0849
2020-12-25,2.8531,0.4397
2020-12-28,3.1995,0.4553
2020-12-29,3.1212,0.5102
2020-12-30,4.511,0.755
2020-12-31,3.1061,0.3655
2021-01-01,2.8444,0.9889
2021-01-04,3.341,0.331
2021-01-05,4.2339,0.2111
2021-01-06,3.0427,-0.0005
2021-01-07,3.3196,0.2966
2021-01-08,2.5456,0.1101
2021-01-11,3.6545,0.4857
2021-01-12,3.6207,0.3325
2021-01-13,3.8425,0.8716
2021-01-14,3.5477,0.374
2021-01-15,3.939,0.2637
2021-01-18,3.8712,0.7586
2021-01-19,3.0343,1.0317
2021-01-20,3.4499,0.6558
2021-01-21,2.8749,0.2423
2021-01-22,4.5271,0.5224
2021-01-25,2.8924,0.593
2021-01-26,2.8575,0.829
2021-01-27,3.269,0.9351
2021-01-28,3.8705,0.2888
2021-01-29,2.6795,-0.1526
2021-02-01,2.8674,1.0643
2021-02-02,2.8825,0.3825
2021-02-03,4.0787,0.428
2021-02-04,3.3044,0.732
2021-02-05,3.2635,0.7123
2021-02-08,3.1126,0.6556
2021-02-09,4.4648,0.4753
2021-02-10,2.7743,0.2969
2021-02-11,3.7684,0.3923
2021-02-12,3.6743,0.2731
2021-02-15,2.8288,0.0021
2021-02-16,3.5873,0.6532
2021-02-17,3.6989,0.5835
2021-02-18,2.8753,0.7778
2021-02-19,3.8049,0.2463
2021-02-22,3.0272,0.5975
2021-02-23,2.5977,1.0488
2021-02-24,3.0318,0.7485
2021-02-25,3.4623,1.0084
2021-02-26,2.7278,0.4023
2021-03-01,3.4351,0.9562
2021-03-02,3.4206,0.5657
2021-03-03,2.749,0.581
2021-03-04,3.1541,0.3766
2021-03-05,2.8724,0.625
2021-03-08,3.005,0.404
2021-03-09,3.2343,0.1365
2021-03-10,3.3452,0.3869
2021-03-11,3.0147,0.4538
2021-03-12,2.9673,0.5702
2021-03-15,3.4097,0.2618
2021-03-16,2.518,-0.3828
2021-03-17,3.233,0.1476
2021-03-18,3.4392,0.5175
2021-03-19,3.5204,0.3542
2021-03-22,3.1275,0.7595
2021-03-23,3.7706,0.9481
2021-03-24,3.3834,0.1681
2021-03-25,3.5707,-0.0236
2021-03-26,2.5564,0.6314
2021-03-29,2.5735,0.51
2021-03-30,2.4127,0.4645
2021-03-31,2.827,0.1562
2021-04-01,2.9978,0.6336
2021-04-02,2.4263,0.341
2021-04-05,3.2066,0.3828
2021-04-06,3.1847,0.3811
2021-04-07,2.6585,0.8727
2021-04-08,2.7727,0.1737
2021-04-09,3.324,0.6653
2021-04-12,3.3427,0.5528
2021-04-13,3.4532,0.249
2021-04-14,3.4092,0.5616
2021-04-15,2.6094,0.0788
2021-04-16,3.3196,0.2922
2021-04-19,2.6789,0.2525
2021-04-20,3.3886,0.8748
2021-04-21,3.4605,1.0343
2021-04-22,3.7967,0.1833
2021-04-23,2.8869,0.4514
2021-04-26,2.6094,-0.2037
2021-04-27,2.7742,0.8709
2021-04-28,3.2847,0.7157
2021-04-29,3.0334,1.0238
2021-04-30,3.7983,0.1412
2021-05-03,2.5279,0.5824
2021-05-04,3.0295,0.9195
2021-05-05,2.7245,0.6576
2021-05-06,3.1309,0.2865
2021-05-07,3.2227,0.3343
2021-05-10,3.1107,0.7446
2021-05-11,3.2305,0.4447
2021-05-12,3.4402,0.4312
2021-05-13,3.7959,0.022
2021-05-14,3.4298,0.69
2021-05-17,2.6885,0.454
2021-05-18,3.0649,0.5622
2021-05-19,3.5797,0.6676
2021-05-20,3.1082,0.3079
2021-05-21,3.8444,0.2892
2021-05-24,3.3398,0.4657
2021-05-25,3.3232,0.3269
2021-05-26,3.8312,0.0668
2021-05-27,2.4054,0.2845
2021-05-28,3.7745,0.058
2021-05-31,3.8625,0.5084
2021-06-01,3.0443,0.7737
2021-06-02,3.1335,0.6483
2021-06-03,3.3115,0.8891
2021-06-04,3.4948,0.3292
2021-06-07,2.9677,0.6835
2021-06-08,3.3326,-0.0993
2021-06-09,3.4317,-0.0648
2021-06-10,2.6232,0.7024
2021-06-11,2.8452,1.1576
2021-06-14,3.569,0.9725
2021-06-15,2.6686,0.5561
2021-06-16,3.4797,0.5966
2021-06-17,2.7637,0.0525
2021-06-18,3.0129,0.5674
2021-06-21,2.6835,0.4482
2021-06-22,2.815,0.1601
2021-06-23,3.1133,1.0403
2021-06-24,3.1649,0.6132
2021-06-25,2.8572,0.4252
2021-06-28,3.7146,0.6847
2021-06-29,3.3161,0.3521
2021-06-30,3.2453,0.9691
2021-07-01,2.7894,0.7125
2021-07-02,3.0191,0.6983
2021-07-05,3.8158,0.6913
2021-07-06,2.9866,0.3907
2021-07-07,3.4678,0.3419
2021-07-08,2.7534,0.6468
2021-07-09,3.4631,0.6144
2021-07-12,4.1883,0.5001
2021-07-13,4.0356,0.281
2021-07-14,2.6302,0.58
2021-07-15,3.5774,0.2796
2021-07-16,2.3944,0.532
2021-07-19,3.1082,0.4654
2021-07-20,3.8874,0.2845
2021-07-21,3.3188,0.6938
2021-07-22,2.5885,0.294
2021-07-23,3.9167,0.6757
2021-07-26,3.0311,0.8764
2021-07-27,3.3274,0.2534
2021-07-28,3.1324,0.284
2021-07-29,3.4186,0.4438
2021-07-30,2.6661,0.7639
2021-08-02,3.6825,0.6978
2021-08-03,3.4625,0.3775
2021-08-04,2.5205,0.4122
2021-08-05,3.4254,0.7422
2021-08-06,2.7053,0.8498
2021-08-09,2.8494,0.5389
2021-08-10,3.5086,0.7472
2021-08-11,3.2113,-0.0061
2021-08-12,2.8121,0.7121
2021-08-13,2.3004,0.4589
2021-08-16,3.4847,1.1585
2021-08-17,3.6604,0.4271
2021-08-18,3.1338,0.2835
2021-08-19,2.6122,0.2011
2021-08-20,3.9375,0.6974
2021-08-23,3.5533,0.3903
2021-08-24,4.2774,0.496
2021-08-25,2.7668,0.2656
2021-08-26,2.581,0.2006
2021-08-27,2.6418,0.1852
2021-08-30,3.7573,0.7083
2021-08-31,2.9602,0.2802
2021-09-01,2.5569,1.1657
2021-09-02,3.5736,0.7344
2021-09-03,3.9345,0.1191
2021-09-06,4.0313,1.0876
2021-09-07,3.5195,0.7457
2021-09-08,3.5761,0.6655
2021-09-09,3.4985,0.7334
2021-09-10,2.592,0.4375
2021-09-13,2.866,0.2851
2021-09-14,2.5724,0.1368
2021-09-15,3.195,0.3063
2021-09-16,3.6365,0.4906
2021-09-17,2.7746,0.5046
2021-09-20,2.9144,0.4323
2021-09-21,3.6627,0.4504
2021-09-22,3.96,0.5922
2021-09-23,3.638,0.8228
2021-09-24,3.0489,0.6676
2021-09-27,3.5145,0.1492
2021-09-28,2.5796,-0.024
2021-09-29,4.3746,0.1614
2021-09-30,3.7205,0.3744
2021-10-01,1.9817,-0.0219
2021-10-04,3.2461,0.5843
2021-10-05,3.6253,0.363
2021-10-06,2.2723,0.4692
2021-10-07,3.1634,0.1423
2021-10-08,2.4307,-0.1586
2021-10-11,3.3044,0.912
2021-10-12,2.8586,0.0032
2021-10-13,3.3,0.0618
2021-10-14,2.8015,0.8063
2021-10-15,3.0623,-0.2155
2021-10-18,3.6399,0.3904
2021-10-19,2.8798,1.0176
2021-10-20,3.616,0.2502
2021-10-21,3.7634,0.1198
2021-10-22,2.6919,0.4995
2021-10-25,2.7016,0.4323
2021-10-26,1.7932,0.2051
2021-10-27,3.5075,0.402
2021-10-28,3.4866,1.03
2021-10-29,2.5842,0.5118
2021-11-01,2.912,0.4086
2021-11-02,3.2685,0.1666
2021-11-03,2.5415,0.2902
2021-11-04,3.8903,0.8536
2021-11-05,3.6857,0.437
2021-11-08,2.9093,0.1762
2021-11-09,3.7108,-0.0843
2021-11-10,3.2386,0.322
2021-11-11,3.2572,0.4542
2021-11-12,4.0968,0.4507
2021-11-15,3.8933,0.7763
2021-11-16,3.7949,1.3022
2021-11-17,3.1489,0.4106
2021-11-18,3.3934,0.4186
2021-11-19,2.8366,-0.0659
2021-11-22,3.6929,-0.0613
2021-11-23,3.5073,0.1745
2021-11-24,3.1603,0.4037
2021-11-25,3.3522,0.9751
2021-11-26,3.0874,1.1171
2021-11-29,3.1034,0.4641
2021-11-30,3.4651,0.7566
2021-12-01,3.8804,0.5383
2021-12-02,3.4375,0.5876
2021-12-03,3.2526,0.6676
2021-12-06,3.6636,0.3879
2021-12-07,3.4591,0.7535
2021-12-08,3.4782,0.6905
2021-12-09,2.3358,0.4025
2021-12-10,3.277,0.5833
2021-12-13,2.7474,0.7262
2021-12-14,3.4256,0.6977
2021-12-15,2.5188,0.7928
2021-12-16,3.7568,0.5109
2021-12-17,3.0309,0.3923
2021-12-20,2.647,0.6071
2021-12-21,2.3007,0.515
2021-12-22,2.9433,0.5754
2021-12-23,2.3255,0.7896
2021-12-24,2.9542,1.0728
2021-12-27,3.9308,0.7724
2021-12-28,3.4685,0.9723
2021-12-29,3.2562,0.5109
2021-12-30,2.7882,0.4847
2021-12-31,3.6391,0.8273
2022-01-03,3.0358,0.5257
2022-01-04,3.5945,0.2297
2022-01-05,3.5553,-0.1921
2022-01-06,3.7857,0.6913
2022-01-07,2.7725,0.2877
2022-01-10,2.9158,0.8406
2022-01-11,3.6975,-0.0064
2022-01-12,2.5198,0.2223
2022-01-13,3.7528,0.7992
2022-01-14,2.4101,0.6936
2022-01-17,3.5916,0.5496
2022-01-18,2.505,0.3958
2022-01-19,3.0258,0.3158
2022-01-20,3.5838,1.1972
2022-01-21,3.1897,0.5585
2022-01-24,2.6112,0.5624
2022-01-25,3.6987,0.5002
2022-01-26,2.8265,0.5836
2022-01-27,3.6088,0.3314
2022-01-28,2.731,0.7806
2022-01-31,4.4389,0.1935
2022-02-01,3.2703,0.4825
2022-02-02,3.6203,0.8197
2022-02-03,3.532,0.1722
2022-02-04,2.8505,0.3497
2022-02-07,3.7177,0.7089
2022-02-08,3.1325,1.2608
2022-02-09,2.5505,0.3918
2022-02-10,3.8462,0.5096
2022-02-11,2.7484,0.2984
2022-02-14,3.8803,0.8339
2022-02-15,2.779,0.0783
2022-02-16,3.3195,0.7055
2022-02-17,2.3477,0.3317
2022-02-18,3.0871,-0.0165
2022-02-21,4.1586,0.646
2022-02-22,3.0451,-0.2606
2022-02-23,3.2746,0.5657
2022-02-24,3.6274,0.4686
2022-02-25,3.4851,0.7227
2022-02-28,4.0378,0.1242
2022-03-01,3.8607,0.534
2022-03-02,3.0281,0.6225
2022-03-03,3.426,0.7915
2022-03-04,1.9204,0.5563
2022-03-07,3.9842,-0.1204
2022-03-08,3.7627,0.5089
2022-03-09,3.1702,1.0112
2022-03-10,3.3179,0.1909
2022-03-11,3.8579,-0.0532
2022-03-14,2.8085,0.1747
2022-03-15,3.6273,-0.0664
2022-03-16,2.4426,0.3647
2022-03-17,3.721,0.7668
2022-03-18,2.3428,0.1759
2022-03-21,2.6443,0.0974
2022-03-22,2.5068,0.138
2022-03-23,3.0435,0.4208
2022-03-24,3.2646,0.6926
2022-03-25,3.8153,0.7136
2022-03-28,3.0884,0.4928
2022-03-29,2.8415,0.1335
2022-03-30,3.3039,0.4541
2022-03-31,3.9357,0.237
2022-04-01,3.2057,0.6105
2022-04-04,3.6583,0.7336
2022-04-05,3.5848,0.3358
2022-04-06,2.884,-0.0182
2022-04-07,3.8148,0.6684
2022-04-08,3.1372,0.4148
2022-04-11,3.6649,0.1841
2022-04-12,3.7139,0.4306
2022-04-13,3.399,0.5481
2022-04-14,3.2747,0.3706
2022-04-15,3.387,1.7579
2022-04-18,2.6857,0.7853
2022-04-19,3.962,0.3573
2022-04-20,3.59,0.6437
2022-04-21,2.4068,0.6868
2022-04-22,3.2724,0.4771
2022-04-25,2.6394,0.0175
2022-04-26,4.3334,0.2212
2022-04-27,2.8822,0.6402
2022-04-28,3.0091,0.7566
2022-04-29,3.5584,0.7942
2022-05-02,3.3137,0.5083
2022-05-03,3.1241,0.4387
2022-05-04,2.823,1.0566
2022-05-05,3.7507,0.3278
2022-05-06,3.0239,0.0517
2022-05-09,3.1818,0.4585
2022-05-10,2.4164,0.5302
2022-05-11,2.8997,0.4333
2022-05-12,3.389,0.2291
2022-05-13,3.3463,0.4933
2022-05-16,2.8582,0.3387
2022-05-17,3.35,1.0469
2022-05-18,3.2075,0.3774
2022-05-19,2.3443,0.5169
2022-05-20,3.14,-0.0235
2022-05-23,3.2068,0.4929
2022-05-24,3.6386,0.3221
2022-05-25,2.9537,0.2633
2022-05-26,3.112,0.7709
2022-05-27,3.8339,0.7062
2022-05-30,3.2798,0.3364
2022-05-31,3.4089,0.9721
2022-06-01,3.3971,0.8862
2022-06-02,3.7169,1.0723
2022-06-03,2.9807,0.2714
2022-06-06,3.0916,0.0922
2022-06-07,2.8646,0.5048
2022-06-08,2.3565,0.4554
2022-06-09,2.8584,0.568
2022-06-10,1.8878,0.279
2022-06-13,3.6722,0.2161
2022-06-14,2.544,0.7807
2022-06-15,3.0796,0.8627
2022-06-16,2.9499,0.659
2022-06-17,3.3155,0.317
2022-06-20,1.6036,0.1188
2022-06-21,3.5652,0.746
2022-06-22,3.7215,0.8263
2022-06-23,3.6782,-0.0313
2022-06-24,2.9117,0.6308
2022-06-27,3.153,-0.0735
2022-06-28,3.9141,1.0628
2022-06-29,3.0461,0.5125
2022-06-30,3.8302,0.7012
2022-07-01,3.3305,0.5386
2022-07-04,2.9896,0.4196
2022-07-05,2.6887,0.2677
2022-07-06,3.3542,0.6083
2022-07-07,2.9467,0.6034
2022-07-08,4.0319,0.0639
2022-07-11,3.5778,0.6499
2022-07-12,2.7199,0.6356
2022-07-13,3.4589,-0.0849
2022-07-14,2.9157,1.2822
2022-07-15,3.0065,0.396
2022-07-18,3.303,0.3048
2022-07-19,2.8762,0.3315
2022-07-20,3.2007,0.3307
2022-07-21,3.84,0.5587
2022-07-22,3.5199,0.952
2022-07-25,3.1514,0.6294
2022-07-26,3.7125,0.0417
2022-07-27,4.2,0.232
2022-07-28,3.7856,0.8445
2022-07-29,3.21,0.911
2022-08-01,3.5769,0.4134
2022-08-02,3.0963,0.2804
2022-08-03,3.1031,0.3771
2022-08-04,3.062,-0.1395
2022-08-05,3.9433,0.9082
2022-08-08,3.4762,0.8199
2022-08-09,3.8544,0.2157
2022-08-10,4.1002,0.9795
2022-08-11,2.9767,0.6055
2022-08-12,2.6429,0.3579
2022-08-15,2.9355,0.3652
2022-08-16,3.6807,0.3584
2022-08-17,4.0594,0.1757
2022-08-18,3.1374,0.6324
2022-08-19,3.7915,0.4152
2022-08-22,2.7567,0.063
2022-08-23,3.0408,-0.141
2022-08-24,3.9513,0.2977
2022-08-25,3.028,0.6773
2022-08-26,3.3903,0.0776
2022-08-29,3.3151,0.5553
2022-08-30,2.9253,0.5842
2022-08-31,2.8841,0.4391
2022-09-01,2.8731,1.055
2022-09-02,3.2795,0.4317
2022-09-05,2.9118,0.3333
2022-09-06,3.3306,0.5092
2022-09-07,2.9101,0.9029
2022-09-08,3.7457,0.1933
2022-09-09,2.7901,0.921
2022-09-12,2.8945,0.878
2022-09-13,1.9178,0.4665
2022-09-14,3.1226,0.3126
2022-09-15,2.0423,0.5181
2022-09-16,3.038,0.6495
2022-09-19,3.2861,0.5836
2022-09-20,3.5057,0.7405
2022-09-21,3.0737,1.2343
2022-09-22,3.5582,0.3786
2022-09-23,3.7596,0.5309
2022-09-26,2.9279,0.332
2022-09-27,3.3032,0.1832
2022-09-28,3.8679,0.5774
2022-09-29,3.3483,0.4061
2022-09-30,3.0373,0.6359
2022-10-03,2.6751,-0.0193
2022-10-04,3.4062,0.6465
2022-10-05,2.9944,0.6881
2022-10-06,3.2635,0.1843
2022-10-07,2.9606,0.7026
2022-10-10,1.8735,0.4083
2022-10-11,3.0628,0.2908
2022-10-12,2.2111,-0.2312
2022-10-13,3.4515,0.4475
2022-10-14,2.6239,0.4708
2022-10-17,3.1191,0.582
2022-10-18,3.3264,0.3254
2022-10-19,3.4592,-0.0494
2022-10-20,2.3275,0.3022
2022-10-21,3.5827,1.0283
2022-10-24,2.396,1.2528
2022-10-25,2.8763,0.875
2022-10-26,3.5453,0.6013
2022-10-27,3.044,0.4728
2022-10-28,2.5803,0.5941
2022-10-31,2.8255,0.2138
2022-11-01,4.7444,0.3574
2022-11-02,3.5764,0.6938
2022-11-03,3.6736,0.1587
2022-11-04,2.1487,0.7233
2022-11-07,2.9973,0.9097
2022-11-08,3.5725,1.0682
2022-11-09,4.1628,-0.1438
2022-11-10,3.132,0.4866
2022-11-11,2.4145,0.6081
2022-11-14,2.8263,0.4364
2022-11-15,3.3727,0.8278
2022-11-16,2.6054,0.3645
2022-11-17,3.2537,0.2209
2022-11-18,2.8852,-0.2953
2022-11-21,2.7465,0.8169
2022-11-22,3.1501,0.55
2022-11-23,3.8562,0.3015
2022-11-24,3.3832,1.0839
2022-11-25,1.9395,0.6243
2022-11-28,3.6121,0.7702
2022-11-29,2.3023,0.5019
2022-11-30,3.7145,0.1232
2022-12-01,3.2234,0.5388
2022-12-02,2.5697,0.3881
2022-12-05,3.1497,0.5368
2022-12-06,2.8507,0.5081
2022-12-07,2.1557,0.0016
2022-12-08,2.4644,0.842
2022-12-09,2.2642,0.4471
2022-12-12,3.6089,-0.1158
2022-12-13,3.0086,0.1196
2022-12-14,3.1102,0.5782
2022-12-15,3.8198,0.635
2022-12-16,3.6268,0.3869
2022-12-19,2.9493,0.5097
2022-12-20,2.411,0.076
2022-12-21,2.891,0.4581
2022-12-22,3.6876,0.5982
2022-12-23,3.6672,0.2096
2022-12-26,3.1106,-0.0781
2022-12-27,2.6175,0.588
2022-12-28,2.4225,0.7913
2022-12-29,3.967,0.5129
2022-12-30,2.9084,0.6599
2023-01-02,3.4595,0.3376
2023-01-03,3.6888,0.6101
2023-01-04,3.4001,0.1827
2023-01-05,3.4499,-0.1104
2023-01-06,3.5176,0.3027
2023-01-09,3.4396,0.6421
2023-01-10,2.4948,0.5627
2023-01-11,3.4127,0.8225
2023-01-12,3.0872,0.9326
2023-01-13,3.1635,0.3001
2023-01-16,3.0365,0.3902
2023-01-17,1.9,1.036
2023-01-18,3.2694,0.6439
2023-01-19,3.5639,0.1774
2023-01-20,4.7444,0.3912
2023-01-23,1.9943,0.5339
2023-01-24,3.6663,0.0979
2023-01-25,3.8861,0.6927
2023-01-26,2.7439,0.5766
2023-01-27,3.5084,0.2149
2023-01-30,3.1293,0.4002
2023-01-31,2.9667,0.9199
2023-02-01,3.5932,0.7773
2023-02-02,3.4915,0.1993
2023-02-03,2.925,0.8582
2023-02-06,3.1339,0.3306
2023-02-07,3.3655,0.0555
2023-02-08,3.4954,0.7257
2023-02-09,3.4735,0.3484
2023-02-10,4.0115,0.9257
2023-02-13,3.0525,0.2821
2023-02-14,2.868,0.3316
2023-02-15,3.1513,0.5093
2023-02-16,2.8342,0.5624
2023-02-17,3.8604,0.4538
2023-02-20,3.655,0.3898
2023-02-21,3.52,0.5229
2023-02-22,2.0696,1.1002
2023-02-23,3.382,1.123
2023-02-24,2.6959,0.1653
2023-02-27,2.588,0.4535
2023-02-28,2.6669,0.372
2023-03-01,2.2496,0.6466
2023-03-02,2.8975,0.5471
2023-03-03,2.7336,0.4237
2023-03-06,4.0802,0.7387
2023-03-07,3.0341,0.9282
2023-03-08,1.9589,0.6395
2023-03-09,2.7252,0.433
2023-03-10,2.8599,-0.0864
2023-03-13,3.4875,0.3777
2023-03-14,2.9475,0.9894
2023-03-15,3.5899,0.0554
2023-03-16,2.5897,0.5553
2023-03-17,2.9557,1.1081
2023-03-20,3.2686,0.1025
2023-03-21,1.9947,0.4769
2023-03-22,2.6004,0.5074
2023-03-23,3.207,1.2932
2023-03-24,2.413,0.6013
2023-03-27,2.2824,0.5775
2023-03-28,2.7586,0.5285
2023-03-29,4.2915,0.3346
2023-03-30,3.5733,0.478
2023-03-31,2.9283,0.2681
2023-04-03,3.1227,0.5162
2023-04-04,3.1119,-0.0718
2023-04-05,3.2104,0.2024
2023-04-06,3.007,0.8528
2023-04-07,3.4224,0.5825
2023-04-10,3.146,0.9962
2023-04-11,4.1652,0.5075
2023-04-12,3.2623,0.9653
2023-04-13,3.1083,0.4419
2023-04-14,2.8439,-0.1241
2023-04-17,3.1575,0.3767
2023-04-18,3.1723,0.7338
2023-04-19,3.7599,0.7615
2023-04-20,3.5385,0.4344
2023-04-21,2.9941,-0.0654
2023-04-24,2.4957,0.2061
2023-04-25,3.352,0.5045
2023-04-26,3.5479,0.4747
2023-04-27,3.9386,0.5956
2023-04-28,3.1353,0.3998
2023-05-01,2.8402,0.8999
2023-05-02,3.261,0.8227
2023-05-03,3.9041,0.5844
2023-05-04,3.0589,0.5399
2023-05-05,3.3609,0.4271
2023-05-08,3.3936,0.4166
2023-05-09,3.0069,0.7362
2023-05-10,3.4557,0.486
2023-05-11,3.6121,0.1688
2023-05-12,3.6196,0.4959
2023-05-15,3.3576,0.4942
2023-05-16,3.2521,0.1206
2023-05-17,3.3183,0.353
2023-05-18,3.2318,-0.1643
2023-05-19,4.2251,-0.0769
2023-05-22,4.0374,0.5903
2023-05-23,3.556,0.1779
2023-05-24,2.4992,0.6061
2023-05-25,2.6746,0.6934
2023-05-26,2.8079,0.3838
2023-05-29,3.2551,0.1692
2023-05-30,2.1662,0.5767
2023-05-31,3.1638,0.7473
2023-06-01,4.1795,0.3085
2023-06-02,3.5563,0.6277
2023-06-05,3.7004,-0.0214
2023-06-06,3.02,0.3188
2023-06-07,3.5077,0.8408
2023-06-08,3.4148,0.0504
2023-06-09,2.9057,0.8227
2023-06-12,3.0788,0.089
2023-06-13,2.4465,0.7581
2023-06-14,3.9717,0.9751
2023-06-15,3.5735,0.4471
2023-06-16,2.8852,0.9963
2023-06-19,3.0467,0.2027
2023-06-20,3.0181,0.6686
2023-06-21,2.5306,0.9754
2023-06-22,3.4747,0.5608
2023-06-23,3.1391,0.3864
2023-06-26,2.7964,0.5292
2023-06-27,2.6167,0.7594
2023-06-28,3.4154,0.487
2023-06-29,3.2993,0.6548
2023-06-30,3.5196,0.2894
2023-07-03,3.2754,-0.1117
2023-07-04,3.7628,0.2662
2023-07-05,2.9005,0.2917
2023-07-06,3.4736,0.7396
2023-07-07,2.8885,0.3076
2023-07-10,2.6494,0.1782
2023-07-11,3.116,0.6335
2023-07-12,2.8627,0.7927
2023-07-13,2.7366,0.4091
2023-07-14,2.1729,0.6277
2023-07-17,3.3428,0.3394
2023-07-18,3.0916,0.3263
2023-07-19,2.5651,-0.0078
2023-07-20,2.7068,0.7964
2023-07-21,3.5215,0.3116
2023-07-24,3.5541,0.5771
2023-07-25,3.8721,1.0937
2023-07-26,3.2378,0.1977
2023-07-27,3.2667,0.1035
2023-07-28,2.6268,0.5192
2023-07-31,2.9059,0.6245
2023-08-01,2.9051,0.4388
2023-08-02,3.9793,0.8609
2023-08-03,3.3614,0.386
2023-08-04,3.4865,0.3542
2023-08-07,2.2789,0.242
2023-08-08,3.1507,1.2409
2023-08-09,2.7835,0.5738
2023-08-10,4.1875,0.5112
2023-08-11,2.2398,0.9177
2023-08-14,2.5823,0.7403
2023-08-15,3.2886,0.5583
2023-08-16,3.6788,0.4717
2023-08-17,3.0578,0.9671
2023-08-18,3.5716,0.4668
2023-08-21,2.6436,0.454
2023-08-22,3.8245,0.6691
2023-08-23,3.1871,-0.083
2023-08-24,3.2317,1.0085
2023-08-25,2.9812,0.4206
2023-08-28,3.6243,0.5774
2023-08-29,3.2502,0.1417
2023-08-30,3.6733,0.1812
2023-08-31,3.7623,0.491
2023-09-01,3.4629,0.6015
2023-09-04,3.0132,0.164
2023-09-05,3.1003,0.3029
2023-09-06,2.3362,0.56
2023-09-07,3.0504,0.5054
2023-09-08,3.1845,0.0717
2023-09-11,3.9177,0.4768
2023-09-12,2.9231,0.6686
2023-09-13,3.5764,0.7364
2023-09-14,3.6283,0.9524
2023-09-15,3.1783,0.0489
2023-09-18,3.1206,0.3636
2023-09-19,3.2028,0.2281
2023-09-20,3.0725,0.5705
2023-09-21,3.1874,1.1459
2023-09-22,2.6542,0.46
2023-09-25,3.3494,0.6193
2023-09-26,3.015,0.503
2023-09-27,3.52,0.376
2023-09-28,4.0229,0.5023
2023-09-29,3.3903,0.5349
2023-10-02,3.424,0.3741
2023-10-03,3.4404,0.0517
2023-10-04,3.3467,0.5839
2023-10-05,3.6961,0.2996
2023-10-06,2.7446,-0.0492
2023-10-09,2.4218,0.0444
2023-10-10,2.2905,0.3898
2023-10-11,3.5916,0.2983
2023-10-12,3.2946,0.6922
2023-10-13,3.8435,0.6147
2023-10-16,3.4831,0.5329
2023-10-17,3.0018,-0.0145
2023-10-18,3.0107,0.765
2023-10-19,2.714,0.0785
2023-10-20,3.2302,0.8751
2023-10-23,3.559,0.2881
2023-10-24,3.6564,0.5194
2023-10-25,3.5805,0.4015
2023-10-26,3.3175,0.1401
2023-10-27,1.6135,0.5609
2023-10-30,3.4775,0.5641
2023-10-31,2.1578,0.1687
2023-11-01,3.6553,-0.5308
2023-11-02,3.4718,0.5784
2023-11-03,2.8397,0.5466
2023-11-06,2.9309,0.7332
2023-11-07,4.5611,1.2522
2023-11-08,3.2956,0.1432
2023-11-09,3.7641,0.8276
2023-11-10,2.8642,0.7987
2023-11-13,3.6126,0.7888
2023-11-14,2.8154,0.1827
2023-11-15,3.6386,1.0139
2023-11-16,3.509,0.4877
2023-11-17,3.6609,0.2611
2023-11-20,3.5393,0.6771
2023-11-21,2.8805,0.2212
2023-11-22,2.472,0.7575
2023-11-23,3.2809,0.2493
2023-11-24,2.704,0.9977
2023-11-27,3.5354,0.1091
2023-11-28,2.5908,0.5747
2023-11-29,3.1935,0.8541
2023-11-30,2.6465,0.4051
2023-12-01,3.0012,0.4844
2023-12-04,3.6381,0.5404
2023-12-05,3.0484,0.7526
2023-12-06,3.4304,0.5988
2023-12-07,2.7994,0.3081
2023-12-08,2.3028,0.3199
2023-12-11,3.5232,0.9451
2023-12-12,2.9429,0.4124
2023-12-13,2.86,-0.0061
2023-12-14,1.8563,0.3105
2023-12-15,3.6789,0.6019
2023-12-18,3.2947,0.4551
2023-12-19,2.7169,0.3866
2023-12-20,3.5649,0.3222
2023-12-21,2.9888,0.2526
2023-12-22,3.9405,0.1343
2023-12-25,3.604,0.4486
2023-12-26,3.5257,0.7255
2023-12-27,3.8156,0.5871
2023-12-28,3.1653,0.5971
2023-12-29,3.151,0.4253
2024-01-01,2.0231,0.752
2024-01-02,2.7328,0.8353
2024-01-03,3.3371,0.8229
2024-01-04,3.3243,0.3715
2024-01-05,3.5254,0.8195
2024-01-08,3.1088,0.2957
2024-01-09,2.7034,1.3206
2024-01-10,3.2415,0.6288
2024-01-11,3.1148,0.3461
2024-01-12,3.4365,0.4665
2024-01-15,3.6827,0.4339
2024-01-16,4.1281,0.4857
2024-01-17,2.5253,0.9203
2024-01-18,2.4993,0.8302
2024-01-19,3.4104,-0.2955
2024-01-22,2.9555,0.6759
2024-01-23,3.2856,0.8171
2024-01-24,4.1016,0.4472
2024-01-25,2.6304,0.2413
2024-01-26,3.8501,0.7519
2024-01-29,3.1578,0.4467
2024-01-30,2.5496,-0.0402
2024-01-31,3.6943,0.8802
2024-02-01,1.7194,0.5895
2024-02-02,2.5967,1.0214
2024-02-05,4.1424,0.5829
2024-02-06,2.89,0.5147
2024-02-07,3.4289,0.1719
2024-02-08,3.876,0.2773
2024-02-09,2.7757,0.3609
2024-02-12,2.6705,0.4364
2024-02-13,2.6389,0.1685
2024-02-14,3.9212,0.9997
2024-02-15,3.1503,0.5568
2024-02-16,4.2661,0.7922
2024-02-19,2.6348,0.5602
2024-02-20,3.509,0.4051
2024-02-21,2.7344,0.229
2024-02-22,3.1991,0.5056
2024-02-23,3.8062,0.3395
2024-02-26,2.6084,0.9758
2024-02-27,2.8165,0.0357
2024-02-28,3.3106,0.7177
2024-02-29,3.1325,1.1723
2024-03-01,2.726,0.3225
2024-03-04,3.7761,-0.01
2024-03-05,3.4055,0.5824
2024-03-06,2.872,0.8699
2024-03-07,3.5454,0.6639
2024-03-08,2.9657,0.0657
2024-03-11,3.9102,0.7144
2024-03-12,3.0345,0.7109
2024-03-13,2.5011,0.8408
2024-03-14,3.5045,0.2957
2024-03-15,3.2107,0.3759
2024-03-18,3.3607,0.3913
2024-03-19,2.2544,0.4508
2024-03-20,2.7163,1.0009
2024-03-21,3.8292,0.302
2024-03-22,3.58,0.6279
2024-03-25,2.4551,0.146
2024-03-26,3.332,0.6001
2024-03-27,2.9026,0.2778
2024-03-28,3.4394,-0.0387
2024-03-29,2.9034,0.4428
2024-04-01,3.3493,0.5202
2024-04-02,3.1825,0.4337
2024-04-03,2.177,-0.2285
2024-04-04,3.7372,0.2335
2024-04-05,3.9983,0.059
2024-04-08,2.979,0.7954
2024-04-09,3.3797,0.3598
2024-04-10,2.9957,0.7609
2024-04-11,3.1493,0.8383
2024-04-12,2.8459,0.2075
2024-04-15,2.5526,0.69
2024-04-16,3.4575,0.3962
2024-04-17,3.5265,0.6238
2024-04-18,2.974,0.6646
2024-04-19,3.1385,0.5022
2024-04-22,3.9124,-0.2252
2024-04-23,3.2594,0.976
2024-04-24,3.891,0.7129
2024-04-25,3.8961,0.1471
2024-04-26,3.5146,0.3931
2024-04-29,2.8544,-0.2173
2024-04-30,3.4508,0.5725
2024-05-01,3.3351,1.0883
2024-05-02,3.5081,0.799
2024-05-03,2.9563,0.841
2024-05-06,3.6392,0.8371
2024-05-07,3.6291,0.555
2024-05-08,3.8202,0.0809
2024-05-09,4.2567,0.4827
2024-05-10,2.6515,0.1737
2024-05-13,3.4872,0.4613
2024-05-14,3.0159,0.4223
2024-05-15,3.0019,0.5611
2024-05-16,3.0067,0.5707
2024-05-17,3.2946,0.4014
2024-05-20,2.0792,0.4203
2024-05-21,3.4577,0.2604
2024-05-22,3.6523,0.379
2024-05-23,2.4563,0.8062
2024-05-24,3.4013,0.3325
2024-05-27,3.3074,0.6609
2024-05-28,3.4208,0.6654
2024-05-29,3.5268,0.119
2024-05-30,2.9187,0.3237
2024-05-31,2.6507,0.8039
2024-06-03,3.3282,0.5262
2024-06-04,3.0461,0.5341
2024-06-05,3.3614,0.2106
2024-06-06,3.8663,0.2273
2024-06-07,3.4148,0.0714
2024-06-10,3.05,0.5842
2024-06-11,2.7899,-0.1514
2024-06-12,3.625,0.7679
2024-06-13,2.94,0.3242
2024-06-14,2.7723,0.5498
2024-06-17,3.0724,0.634
2024-06-18,2.6418,1.0845
2024-06-19,2.958,0.6799
2024-06-20,3.0893,0.8309
2024-06-21,3.6371,0.4274
2024-06-24,3.1683,1.0479
2024-06-25,3.1651,0.2513
2024-06-26,2.3863,0.6849
2024-06-27,3.6405,1.0111
2024-06-28,2.7177,0.7387
2024-07-01,3.8087,0.6882
2024-07-02,2.4645,0.6779
2024-07-03,3.2004,0.739
2024-07-04,2.9225,0.828
2024-07-05,2.973,0.5926
2024-07-08,2.9103,0.8635
2024-07-09,2.7745,0.0847
2024-07-10,3.982,0.4177
2024-07-11,3.3379,0.192
2024-07-12,3.1324,0.4784
2024-07-15,2.4815,0.8864
2024-07-16,3.3439,0.6537
2024-07-17,3.1024,0.6675
2024-07-18,3.1949,0.9512
2024-07-19,3.518,0.6953
2024-07-22,2.6093,0.1404
2024-07-23,2.9629,0.0594
2024-07-24,2.3756,0.1016
2024-07-25,2.6518,0.3104
2024-07-26,3.0222,1.2465
2024-07-29,4.0274,0.3308
2024-07-30,2.8482,0.8003
2024-07-31,3.2133,0.1412
2024-08-01,2.5321,0.7649
2024-08-02,2.8821,0.1645
2024-08-05,3.9613,0.1736
2024-08-06,3.7837,0.3924
2024-08-07,3.3671,0.2989
2024-08-08,2.7251,-0.3404
2024-08-09,4.3745,-0.0193
2024-08-12,2.5175,0.5687
2024-08-13,3.0469,0.4238
2024-08-14,3.189,0.7731
2024-08-15,3.1639,0.1368
2024-08-16,2.7193,0.102
2024-08-19,3.5824,0.5415
2024-08-20,2.2428,0.4497
2024-08-21,3.5733,0.5598
2024-08-22,3.9544,0.6978
2024-08-23,2.9729,0.2632
2024-08-26,3.5746,0.7555
2024-08-27,2.8503,0.8342
2024-08-28,3.4437,0.0294
2024-08-29,2.4627,0.2596
2024-08-30,3.1363,0.7876
2024-09-02,3.8734,1.0726
2024-09-03,3.0144,0.116
2024-09-04,3.733,0.7077
2024-09-05,3.8531,0.5805
2024-09-06,2.9427,0.6031
2024-09-09,3.401,0.9224
2024-09-10,3.0673,0.6017
2024-09-11,3.6062,1.0127
2024-09-12,4.1823,0.7664
2024-09-13,3.6783,0.539
2024-09-16,3.0318,0.4318
2024-09-17,3.5489,0.818
2024-09-18,3.6703,0.3989
2024-09-19,3.5067,0.521
2024-09-20,2.0567,0.3779
2024-09-23,2.7177,0.5188
2024-09-24,3.6839,0.4454
2024-09-25,2.5561,0.7441
2024-09-26,3.9465,0.5626
2024-09-27,3.7932,0.9398
2024-09-30,2.3221,0.4001
2024-10-01,2.9222,0.5828
2024-10-02,3.1617,0.9659
2024-10-03,2.9458,0.2469
2024-10-04,3.2514,0.6137
2024-10-07,3.5632,0.6957
2024-10-08,3.0102,0.9839
2024-10-09,3.2682,0.6768
2024-10-10,2.6951,1.0059
2024-10-11,2.1839,0.4427
2024-10-14,3.2276,-0.2071
2024-10-15,3.6646,0.1514
2024-10-16,3.4499,0.0883
2024-10-17,2.3249,0.6904
2024-10-18,3.2534,0.7697
2024-10-21,3.5899,0.3506
2024-10-22,3.2602,0.3136
2024-10-23,3.9503,0.4134
2024-10-24,2.1946,0.4435
2024-10-25,3.1192,0.4308
2024-10-28,3.3781,-0.1706
2024-10-29,2.7214,0.5727
2024-10-30,3.9315,0.2372
2024-10-31,2.9493,0.8059
2024-11-01,3.3941,0.4045
2024-11-04,2.8906,0.8898
2024-11-05,3.3944,0.7096
2024-11-06,2.874,0.2593
2024-11-07,2.9202,0.2369
2024-11-08,4.1076,0.1851
2024-11-11,2.9426,0.4006
2024-11-12,3.4407,0.2758
2024-11-13,3.5304,0.2891
2024-11-14,3.9058,0.0152
2024-11-15,3.4786,0.6997
2024-11-18,3.7143,0.6238
2024-11-19,3.9573,0.2358
2024-11-20,3.1397,0.7337
2024-11-21,3.5272,0.4534
2024-11-22,2.9206,0.5442
2024-11-25,3.5674,0.7881
2024-11-26,3.4748,0.636
2024-11-27,3.5964,0.583
2024-11-28,3.0377,1.174
2024-11-29,3.0121,-0.0394
2024-12-02,2.934,0.5044
2024-12-03,3.0755,0.3482
2024-12-04,2.7057,0.8516
2024-12-05,3.7717,0.2569
2024-12-06,2.4743,0.5158
2024-12-09,2.6628,0.5584
2024-12-10,3.5702,1.1956
2024-12-11,3.3166,0.7271
2024-12-12,3.6219,0.0377
2024-12-13,3.1412,0.1552
2024-12-16,2.9977,0.1442
2024-12-17,3.0005,0.582
2024-12-18,3.2258,1.1681
2024-12-19,3.7292,0.7315
2024-12-20,3.4671,0.5561
2024-12-23,2.8648,0.253
2024-12-24,2.5575,0.7262
2024-12-25,2.6059,0.3051
2024-12-26,3.6653,0.8242
2024-12-27,3.0351,0.3964
2024-12-30,2.8763,0.075
2024-12-31,3.3097,0.7501
2025-01-01,2.7028,0.086
2025-01-02,3.6278,0.2665
2025-01-03,3.4885,0.4209
2025-01-06,3.6033,0.978
2025-01-07,3.649,-0.1023
2025-01-08,3.1883,0.6067
2025-01-09,2.7315,0.5029
2025-01-10,2.7594,0.3071
2025-01-13,3.4329,0.709
2025-01-14,2.9657,0.3976
2025-01-15,3.3288,0.2953
2025-01-16,3.1661,0.5021
2025-01-17,2.9713,0.4757
2025-01-20,2.9352,0.1949
2025-01-21,3.7364,0.4378
2025-01-22,3.2831,0.8764
2025-01-23,3.5922,0.3617
2025-01-24,3.0236,0.4301
2025-01-27,3.8734,0.7864
2025-01-28,2.7303,0.4064
2025-01-29,2.7746,0.5057
2025-01-30,2.6496,0.9576
2025-01-31,2.9623,-0.4357
2025-02-03,2.6073,0.3121
2025-02-04,3.3895,0.4355
2025-02-05,3.7182,0.8658
2025-02-06,3.4117,0.4966
2025-02-07,2.873,0.9575
2025-02-10,3.5309,0.4958
2025-02-11,3.826,0.1136
2025-02-12,3.7273,0.4699
2025-02-13,3.7894,0.7071
2025-02-14,2.4543,0.8366
2025-02-17,3.046,-0.0236
2025-02-18,3.0014,0.5115
2025-02-19,3.2493,0.6275
2025-02-20,3.3375,0.8251
2025-02-21,3.148,0.5425
2025-02-24,3.5325,0.5947
2025-02-25,3.3135,0.4331
2025-02-26,3.93,0.7234
2025-02-27,3.4373,0.7424
2025-02-28,3.0405,0.5265
2025-03-03,3.5467,0.4904
2025-03-04,2.6545,0.9001
2025-03-05,3.4466,-0.0602
2025-03-06,3.3153,0.232
2025-03-07,3.937,0.431
2025-03-10,2.8139,0.7363
2025-03-11,3.397,0.4731
2025-03-12,3.8665,0.5944
2025-03-13,2.959,0.296
2025-03-14,2.4945,0.8446
2025-03-17,3.7216,0.5032
2025-03-18,3.7087,0.5107
2025-03-19,3.9649,1.2455
2025-03-20,3.7159,1.0055
2025-03-21,2.8533,0.795
2025-03-24,3.3119,0.0558
2025-03-25,3.358,0.2234
2025-03-26,3.477,0.4645
2025-03-27,2.8573,0.5124
2025-03-28,3.0775,0.845
2025-03-31,2.8541,0.5531
2025-04-01,4.2761,0.6702
2025-04-02,3.9337,0.0715
2025-04-03,3.5474,0.3355
2025-04-04,3.2002,0.708
2025-04-07,2.9382,0.7202
2025-04-08,4.0422,1.2345
2025-04-09,3.2905,0.1695
2025-04-10,3.7331,0.7729
2025-04-11,3.4796,1.0246
2025-04-14,3.603,-0.0786
2025-04-15,3.1918,0.9005
2025-04-16,3.694,0.456
2025-04-17,3.7878,0.6625
2025-04-18,2.9688,0.4987
2025-04-21,2.9867,1.028
2025-04-22,2.6582,0.6867
2025-04-23,2.4719,0.759
2025-04-24,3.1413,0.5786
2025-04-25,3.1112,0.3287
2025-04-28,4.3559,1.0458
2025-04-29,3.7355,0.8533
2025-04-30,3.3074,0.2909
2025-05-01,2.5857,0.5565
2025-05-02,3.7723,0.6511
2025-05-05,3.8516,0.275
2025-05-06,3.494,0.7217
2025-05-07,3.4266,0.6021
2025-05-08,2.8745,0.1127
2025-05-09,3.427,0.386
2025-05-12,3.2907,0.3852
2025-05-13,3.2162,0.4216
2025-05-14,3.3343,0.8218
2025-05-15,3.2885,0.9146
2025-05-16,2.7775,-0.0431
2025-05-19,3.5721,0.7704
2025-05-20,2.633,0.8597
2025-05-21,2.5559,0.2621
2025-05-22,3.6291,0.764
2025-05-23,3.2423,0.5346
2025-05-26,3.5897,0.1046
2025-05-27,3.9853,0.9344
2025-05-28,3.3183,0.0883
2025-05-29,2.9671,0.4558
2025-05-30,2.6578,0.5249
2025-06-02,3.8913,-0.0376
2025-06-03,3.2377,0.7159
2025-06-04,4.1055,-0.1175
2025-06-05,3.8308,-0.0297
2025-06-06,2.8813,0.6912
2025-06-09,3.3837,0.7013
2025-06-10,3.1198,0.5307
2025-06-11,3.5633,0.7751
2025-06-12,2.8221,0.291
2025-06-13,2.7272,0.1075
2025-06-16,2.4362,-0.1114
2025-06-17,2.7474,0.2609
2025-06-18,2.1405,0.4172
2025-06-19,2.7206,0.3243
2025-06-20,3.213,0.8042
2025-06-23,2.6592,0.2579
2025-06-24,3.4297,0.6955
2025-06-25,3.2863,-0.0089
2025-06-26,2.7906,0.1929
2025-06-27,2.8396,0.7306
2025-06-30,2.6475,0.7999
2025-07-01,3.4209,0.5116
2025-07-02,2.7558,0.488
2025-07-03,3.8092,0.4653
2025-07-04,3.4833,0.168
2025-07-07,3.1567,0.0976
2025-07-08,3.1555,0.765
2025-07-09,4.1932,0.2191
2025-07-10,2.3043,0.4159
2025-07-11,3.6413,0.4883
2025-07-14,3.1287,-0.1936
2025-07-15,3.3546,0.3
2025-07-16,2.135,1.4883
2025-07-17,3.7811,0.5258
2025-07-18,3.3957,0.6751
2025-07-21,3.6436,0.2094
2025-07-22,2.8442,0.2122
2025-07-23,3.2388,0.5062
2025-07-24,3.5482,0.2397
2025-07-25,3.8727,0.3802
2025-07-28,2.9122,0.5418
2025-07-29,4.0464,0.2236
2025-07-30,3.7015,0.1439
2025-07-31,3.0394,0.217
2025-08-01,3.3973,0.2344
2025-08-04,3.8152,0.8106
2025-08-05,3.5003,0.8096
2025-08-06,4.1036,0.5313
2025-08-07,2.7779,0.3825
2025-08-08,3.5989,0.4885
2025-08-11,3.4649,0.4879
2025-08-12,4.4868,0.2013
2025-08-13,2.5715,0.1771
2025-08-14,2.7925,0.1468
2025-08-15,2.5983,0.1319
2025-08-18,3.1179,0.6908
2025-08-19,3.7806,0.6262
2025-08-20,4.2679,0.9665
2025-08-21,2.7853,0.1896
2025-08-22,3.3467,0.7653
2025-08-25,2.471,1.3229
2025-08-26,3.802,0.2986
2025-08-27,3.674,0.361
2025-08-28,4.0222,-0.1549
2025-08-29,3.4715,0.3447
