date,黄金,白银,原油,铜
2021-01-01,410.49,6247.85,76.1,7146.78
2021-01-04,348.27,4827.63,94.6,8266.05
2021-01-05,480.17,6593.43,70.27,8978.81
2021-01-06,487.21,5978.66,101.7,8226.47
2021-01-07,434.52,5053.09,100.17,9484.65
2021-01-08,468.37,5483.8,102.86,5769.76
2021-01-11,535.52,4583.41,88.87,9023.07
2021-01-12,503.04,4501.0,64.38,9631.7
2021-01-13,485.38,6304.99,85.75,9280.83
2021-01-14,484.39,5126.43,85.2,7950.96
2021-01-15,406.82,5276.72,78.86,8413.97
2021-01-18,498.2,5029.77,80.58,8329.98
2021-01-19,367.58,5522.45,111.9,7898.86
2021-01-20,433.4,5192.2,87.4,8448.41
2021-01-21,428.14,5478.37,97.36,11672.79
2021-01-22,363.57,5481.19,90.2,9968.05
2021-01-25,444.48,6512.37,72.65,6740.64
2021-01-26,532.17,5067.54,87.04,11231.06
2021-01-27,432.99,5378.31,77.82,8125.91
2021-01-28,389.62,5565.52,95.08,10725.64
2021-01-29,445.45,4721.35,69.89,8736.32
2021-02-01,492.7,5864.05,64.42,8290.51
2021-02-02,459.66,5380.45,81.13,6366.94
2021-02-03,449.87,5013.25,84.53,8028.77
2021-02-04,379.54,4851.2,74.23,9450.5
2021-02-05,475.05,5400.45,74.86,11088.48
2021-02-08,474.29,5643.75,83.1,9333.32
2021-02-09,517.06,5803.96,80.45,10135.81
2021-02-10,524.45,6045.76,76.45,8257.48
2021-02-11,484.43,5223.56,93.92,10764.26
2021-02-12,367.88,6544.01,83.36,8183.34
2021-02-15,378.23,5572.07,94.4,13047.64
2021-02-16,395.1,6355.79,88.93,8719.14
2021-02-17,464.75,5233.66,69.76,8293.66
2021-02-18,410.64,6384.5,78.79,10219.74
2021-02-19,515.48,5546.14,95.48,9329.73
2021-02-22,462.19,4924.96,84.4,7030.3
2021-02-23,468.24,5177.53,106.35,8974.83
2021-02-24,487.53,5684.97,81.18,6458.02
2021-02-25,467.01,4196.51,77.66,10472.43
2021-02-26,379.47,5680.87,66.0,9302.74
2021-03-01,572.6,3935.41,52.67,9847.65
2021-03-02,523.15,5651.34,66.27,9252.97
2021-03-03,526.16,4843.78,104.99,9760.94
2021-03-04,412.63,4525.94,55.79,9375.65
2021-03-05,357.63,5047.39,103.06,8491.43
2021-03-08,374.67,6513.54,92.89,9223.24
2021-03-09,397.33,6846.8,48.52,10599.58
2021-03-10,494.11,5216.77,70.02,8482.34
2021-03-11,495.02,6645.2,97.76,10153.15
2021-03-12,522.92,5752.03,99.05,10550.67
2021-03-15,557.12,6885.02,91.99,6497.38
2021-03-16,476.05,5592.73,85.72,8052.99
2021-03-17,467.73,6096.41,96.72,8681.03
2021-03-18,431.85,4711.2,87.38,10420.74
2021-03-19,433.18,6518.62,52.92,9348.19
2021-03-22,392.11,6219.27,69.42,10521.67
2021-03-23,475.54,6478.59,56.29,10547.38
2021-03-24,465.91,6822.23,76.12,5691.57
2021-03-25,429.74,5297.56,104.62,8100.41
2021-03-26,409.47,5913.31,63.99,7663.15
2021-03-29,472.85,4075.96,52.53,8780.71
2021-03-30,515.31,4850.72,86.07,9294.65
2021-03-31,454.07,4579.38,43.62,9390.64
2021-04-01,464.19,6209.78,76.63,8965.17
2021-04-02,422.59,6029.58,82.61,8664.25
2021-04-05,437.57,5889.43,102.92,9777.8
2021-04-06,434.17,5715.61,85.99,11334.09
2021-04-07,435.75,7205.69,108.68,7424.72
2021-04-08,420.14,6281.29,72.07,9908.91
2021-04-09,469.82,5170.11,89.18,10751.99
2021-04-12,514.99,6976.5,66.42,8608.42
2021-04-13,402.64,6972.0,88.38,10053.92
2021-04-14,519.96,6296.14,94.81,8189.35
2021-04-15,429.85,3803.98,70.45,8731.93
2021-04-16,431.65,4863.4,80.86,9016.89
2021-04-19,342.18,5969.09,81.15,10181.32
2021-04-20,328.93,5332.04,104.98,10250.01
2021-04-21,486.78,4294.78,81.17,7694.59
2021-04-22,395.45,5698.97,76.37,8945.38
2021-04-23,490.27,5005.41,76.33,9310.42
2021-04-26,452.53,5815.52,40.94,9067.19
2021-04-27,462.52,5822.64,74.09,9140.29
2021-04-28,516.67,6788.39,87.46,8048.38
2021-04-29,446.38,4885.98,73.27,7828.01
2021-04-30,286.69,6467.62,75.78,9146.31
2021-05-03,363.07,4839.13,82.1,5925.11
2021-05-04,498.63,6445.37,93.91,8814.71
2021-05-05,549.83,6006.1,83.45,8381.12
2021-05-06,445.2,5941.7,82.62,10302.75
2021-05-07,414.89,5713.64,83.79,9766.36
2021-05-10,380.39,5047.69,65.45,7996.07
2021-05-11,477.3,5911.78,63.07,8620.35
2021-05-12,360.11,6030.12,63.14,8572.85
2021-05-13,387.71,6567.71,83.7,7629.48
2021-05-14,456.8,5888.05,63.44,6577.82
2021-05-17,455.1,5959.65,88.46,9991.42
2021-05-18,437.06,4702.68,66.38,10072.39
2021-05-19,503.17,4169.42,77.22,7043.93
2021-05-20,387.83,5693.78,94.72,6541.94
2021-05-21,390.46,7437.43,114.78,8709.82
2021-05-24,429.08,5431.01,85.43,10052.42
2021-05-25,453.26,4802.98,47.63,7426.87
2021-05-26,433.11,3415.86,74.62,9542.62
2021-05-27,549.63,5996.65,87.05,9547.04
2021-05-28,419.81,4724.88,90.02,10445.67
2021-05-31,481.77,5005.81,67.11,7735.32
2021-06-01,420.68,5732.43,48.77,8907.85
2021-06-02,466.04,6039.28,77.53,8783.75
2021-06-03,427.86,7039.98,68.03,8792.81
2021-06-04,430.35,6516.47,66.52,8513.94
2021-06-07,531.18,6083.21,52.79,11264.76
2021-06-08,433.15,5494.85,79.29,9248.29
2021-06-09,535.86,4542.45,49.38,8092.9
2021-06-10,413.02,5299.15,68.63,10954.48
2021-06-11,426.56,6280.35,73.86,11684.49
2021-06-14,505.47,3690.97,72.13,7162.96
2021-06-15,326.02,5438.39,77.21,8405.41
2021-06-16,366.31,6740.03,99.18,9906.38
2021-06-17,450.9,6243.53,101.46,9213.13
2021-06-18,473.85,5282.74,75.66,7663.25
2021-06-21,478.64,5227.15,65.22,9877.63
2021-06-22,433.7,6014.37,59.99,9120.05
2021-06-23,377.74,5308.23,61.02,10610.96
2021-06-24,491.72,5949.38,64.32,12559.97
2021-06-25,472.32,6889.47,88.42,10899.76
2021-06-28,392.93,5286.95,84.06,8929.0
2021-06-29,454.31,5030.67,62.04,8222.5
2021-06-30,541.06,6366.32,66.87,8825.56
2021-07-01,456.19,5788.84,95.58,6544.4
2021-07-02,389.85,4853.35,50.5,7115.24
2021-07-05,428.35,3891.24,83.99,7591.73
2021-07-06,431.28,6929.11,94.02,12747.08
2021-07-07,467.19,7048.31,69.75,8687.96
2021-07-08,495.69,5408.37,86.74,11348.27
2021-07-09,402.49,5933.51,85.08,11388.16
2021-07-12,416.84,5711.23,79.46,9303.7
2021-07-13,501.54,5919.62,60.71,9559.84
2021-07-14,487.37,6913.95,76.24,9890.73
2021-07-15,518.64,5939.53,58.77,7483.31
2021-07-16,375.7,5472.2,62.28,10738.01
2021-07-19,401.26,5839.3,96.67,7259.81
2021-07-20,500.88,5709.39,71.32,8749.33
2021-07-21,401.55,6159.22,53.33,9292.0
2021-07-22,466.3,5377.0,89.37,6588.72
2021-07-23,447.06,5060.09,95.59,9551.5
2021-07-26,411.87,7103.96,96.83,6729.38
2021-07-27,524.35,6190.33,88.25,6998.52
2021-07-28,449.08,6279.07,83.4,10672.2
2021-07-29,424.03,7370.34,42.01,11921.28
2021-07-30,441.7,5610.45,89.76,6398.44
2021-08-02,462.43,5429.93,66.69,7734.25
2021-08-03,369.7,5893.44,75.82,6449.01
2021-08-04,405.88,4776.65,90.16,9240.36
2021-08-05,384.68,4824.99,86.26,10189.27
2021-08-06,342.78,4737.65,81.39,9199.93
2021-08-09,499.53,6070.8,97.87,12761.94
2021-08-10,522.78,4297.27,104.84,7502.74
2021-08-11,510.32,5613.29,72.12,7030.78
2021-08-12,359.73,5458.74,69.65,9142.73
2021-08-13,470.1,6775.89,113.3,10506.77
2021-08-16,484.37,5256.7,94.94,6740.38
2021-08-17,420.8,6316.98,80.72,7012.93
2021-08-18,491.36,6235.44,69.89,9326.88
2021-08-19,393.02,6164.85,88.85,9639.19
2021-08-20,395.15,6756.77,109.35,8492.99
2021-08-23,407.41,4128.17,72.79,9115.81
2021-08-24,413.1,5917.92,92.06,9979.92
2021-08-25,398.51,5281.27,66.46,5414.72
2021-08-26,498.62,5278.17,97.35,11906.36
2021-08-27,395.37,6637.49,85.32,10535.29
2021-08-30,426.14,5112.57,107.08,9293.54
2021-08-31,417.39,5026.5,91.1,9883.06
2021-09-01,561.48,6559.65,85.37,8028.9
2021-09-02,404.15,3972.08,72.49,8575.4
2021-09-03,473.7,6656.47,69.78,7956.05
2021-09-06,542.01,4711.88,77.6,8708.06
2021-09-07,389.7,7082.46,92.39,8465.24
2021-09-08,407.59,4954.85,84.42,9068.31
2021-09-09,433.02,6048.12,87.39,10895.83
2021-09-10,382.64,5834.32,86.11,10167.54
2021-09-13,511.83,5673.56,96.25,10323.74
2021-09-14,425.72,6019.99,108.32,8934.56
2021-09-15,503.02,5581.63,86.72,6774.82
2021-09-16,476.72,6493.82,95.54,11715.0
2021-09-17,450.88,6107.07,60.73,8824.52
2021-09-20,498.23,4159.19,54.02,10330.24
2021-09-21,434.5,3420.34,68.49,9460.96
2021-09-22,503.05,7451.63,90.03,8977.77
2021-09-23,383.6,3715.36,65.86,9269.0
2021-09-24,412.27,5634.06,64.87,9808.22
2021-09-27,510.7,5078.45,92.22,8875.42
2021-09-28,344.22,5044.9,81.32,7057.39
2021-09-29,473.82,4832.25,79.98,7877.08
2021-09-30,429.16,7279.85,71.76,10434.54
2021-10-01,422.38,6353.17,91.9,9551.03
2021-10-04,414.75,4667.72,85.34,9186.8
2021-10-05,514.54,6122.97,81.59,11439.19
2021-10-06,373.1,5725.34,66.29,10596.78
2021-10-07,491.76,7185.23,62.65,7699.09
2021-10-08,473.86,5635.11,105.28,9110.66
2021-10-11,428.51,4162.06,72.28,7963.68
2021-10-12,445.56,6967.84,75.22,7457.88
2021-10-13,485.35,7045.06,72.13,9519.95
2021-10-14,420.11,7109.19,62.09,6552.42
2021-10-15,373.92,6186.87,63.43,10765.47
2021-10-18,464.1,3978.79,85.36,11490.24
2021-10-19,407.67,4624.3,51.09,8242.89
2021-10-20,429.35,5240.65,96.6,8189.88
2021-10-21,452.63,5619.49,59.06,9106.8
2021-10-22,486.86,5122.99,53.2,7530.33
2021-10-25,540.83,5924.49,48.98,10468.42
2021-10-26,467.13,4514.91,80.43,8163.28
2021-10-27,455.76,4961.54,112.84,9822.29
2021-10-28,490.98,4763.71,95.17,9486.95
2021-10-29,464.29,5247.34,89.22,9784.94
2021-11-01,365.44,4088.59,76.88,7889.11
2021-11-02,419.86,7059.59,91.96,6368.86
2021-11-03,388.02,4542.46,85.24,9976.52
2021-11-04,484.83,4844.82,84.3,9281.18
2021-11-05,513.67,5771.14,86.81,9145.92
2021-11-08,467.81,4726.16,107.12,10527.16
2021-11-09,398.42,6190.68,99.19,7147.14
2021-11-10,490.06,6165.75,106.81,7796.12
2021-11-11,401.82,6251.47,81.71,6982.37
2021-11-12,462.67,4771.44,99.51,11526.02
2021-11-15,390.01,4694.17,93.37,9037.78
2021-11-16,380.64,5080.93,62.82,9972.86
2021-11-17,379.78,4984.77,69.45,7288.66
2021-11-18,450.86,5376.13,94.78,7006.39
2021-11-19,416.91,5598.26,82.73,9067.07
2021-11-22,471.82,5362.93,97.09,9825.95
2021-11-23,385.03,4997.41,84.05,9190.59
2021-11-24,474.51,6354.04,81.55,8824.95
2021-11-25,419.04,6435.41,70.43,11122.25
2021-11-26,512.63,6121.24,52.73,7624.1
2021-11-29,500.99,5912.17,95.53,11853.34
2021-11-30,439.19,5806.58,73.82,6865.74
2021-12-01,455.41,6788.94,79.28,7177.98
2021-12-02,462.18,4975.98,71.87,8666.68
2021-12-03,473.19,4416.37,89.19,8576.14
2021-12-06,436.29,5293.74,76.54,10034.46
2021-12-07,504.78,5411.13,72.08,7689.42
2021-12-08,424.58,5177.71,72.42,7226.26
2021-12-09,353.74,5223.41,72.72,8837.46
2021-12-10,462.32,5246.49,80.44,9873.97
2021-12-13,444.58,5698.29,86.59,11025.68
2021-12-14,491.62,4872.16,41.09,7521.76
2021-12-15,479.8,4612.8,67.21,8889.0
2021-12-16,456.47,5382.73,76.69,10553.87
2021-12-17,455.36,5870.83,96.26,11003.8
2021-12-20,456.34,5311.97,91.97,9222.58
2021-12-21,417.04,4416.48,72.04,8304.19
2021-12-22,389.13,5440.52,66.23,7069.46
2021-12-23,408.95,5008.82,80.33,11041.45
2021-12-24,445.43,5862.34,66.74,6342.42
2021-12-27,336.73,5093.08,89.94,9889.49
2021-12-28,428.21,5451.96,105.76,9051.08
2021-12-29,400.9,6248.49,97.83,8409.09
2021-12-30,445.59,5604.49,95.08,9817.88
2021-12-31,409.33,5431.19,69.48,7339.07
2022-01-03,453.11,5282.22,50.99,9409.62
2022-01-04,438.59,4840.28,64.75,9442.84
2022-01-05,514.8,5959.01,88.02,11900.5
2022-01-06,432.84,4360.29,109.54,9651.44
2022-01-07,437.82,4978.74,98.26,9216.33
2022-01-10,451.29,4676.99,87.05,8762.53
2022-01-11,359.11,5898.15,69.63,10273.8
2022-01-12,396.39,7369.17,88.38,8994.85
2022-01-13,521.81,4480.94,70.96,9405.57
2022-01-14,475.82,6072.17,61.21,10532.89
2022-01-17,454.21,5476.44,69.43,7969.82
2022-01-18,504.08,7192.32,66.87,7782.14
2022-01-19,440.99,3481.85,105.36,7012.31
2022-01-20,437.54,4795.27,71.58,10981.82
2022-01-21,434.87,6011.58,96.94,10776.01
2022-01-24,361.2,5560.41,84.76,9546.02
2022-01-25,496.95,5903.5,82.22,11136.74
2022-01-26,440.54,4070.63,87.76,10967.69
2022-01-27,445.29,5303.93,87.03,8437.0
2022-01-28,433.29,5015.79,113.25,9152.74
2022-01-31,418.25,7307.35,66.79,11349.79
2022-02-01,337.04,5874.27,75.74,9717.62
2022-02-02,457.56,5904.16,87.85,10282.39
2022-02-03,559.05,5347.46,94.08,7454.83
2022-02-04,499.41,6788.75,63.82,9974.26
2022-02-07,435.59,5672.64,77.18,6098.59
2022-02-08,403.77,5878.11,101.78,10532.09
2022-02-09,451.28,4779.86,80.49,6122.56
2022-02-10,468.54,6371.29,79.09,8372.09
2022-02-11,443.98,6330.49,77.9,10003.33
2022-02-14,491.7,4658.55,72.09,8580.49
2022-02-15,402.34,4883.74,95.59,9255.53
2022-02-16,503.38,5839.79,66.02,7680.83
2022-02-17,457.76,5371.5,89.43,11558.06
2022-02-18,422.54,4767.87,87.49,10537.56
2022-02-21,435.82,5651.62,61.75,8534.0
2022-02-22,467.37,6092.49,89.36,11515.87
2022-02-23,488.11,5508.52,94.29,8184.33
2022-02-24,453.62,5145.87,108.63,9156.76
2022-02-25,479.09,5842.4,89.94,8258.99
2022-02-28,570.18,5342.17,81.89,10231.36
2022-03-01,368.05,5265.34,86.95,10916.74
2022-03-02,349.73,5867.61,63.65,7742.08
2022-03-03,454.44,6672.35,93.19,6583.94
2022-03-04,401.61,6627.93,93.77,9685.77
2022-03-07,455.65,5710.48,64.62,9382.98
2022-03-08,369.48,5310.51,53.98,9731.99
2022-03-09,456.65,5580.72,60.98,8556.81
2022-03-10,515.54,5783.47,76.29,10861.31
2022-03-11,505.42,6108.02,73.13,8921.89
2022-03-14,395.1,5386.71,99.92,8622.63
2022-03-15,434.52,5521.93,85.58,7014.19
2022-03-16,494.26,5817.63,75.02,8732.75
2022-03-17,541.23,4727.63,91.16,8162.95
2022-03-18,402.34,5516.16,83.01,8624.19
2022-03-21,407.3,5772.74,71.0,8707.34
2022-03-22,505.88,6179.34,67.65,11295.08
2022-03-23,432.04,5764.34,75.8,10864.28
2022-03-24,398.66,5053.67,100.92,8938.01
2022-03-25,502.56,4519.66,93.91,11779.39
2022-03-28,366.0,4847.87,111.29,8534.0
2022-03-29,415.8,4367.26,75.07,9087.09
2022-03-30,498.32,4548.12,88.86,7269.07
2022-03-31,418.58,4851.89,71.51,7982.49
2022-04-01,488.19,5003.6,72.12,13873.21
2022-04-04,388.67,5898.81,67.07,6842.32
2022-04-05,488.77,5250.63,59.38,7839.08
2022-04-06,473.61,5305.13,96.72,9088.3
2022-04-07,531.03,5575.75,76.91,5837.04
2022-04-08,437.71,4785.81,60.79,10262.76
2022-04-11,432.37,4393.56,59.65,10260.57
2022-04-12,445.21,4906.83,78.08,9625.72
2022-04-13,502.38,4582.82,82.29,6885.55
2022-04-14,412.87,6674.32,83.55,7574.54
2022-04-15,442.89,6672.7,63.03,8128.96
2022-04-18,547.48,5402.03,60.71,9916.56
2022-04-19,489.01,5768.76,53.2,12362.68
2022-04-20,486.21,6694.65,86.12,7855.26
2022-04-21,423.95,6661.6,78.48,8292.95
2022-04-22,493.05,6349.87,101.15,7766.02
2022-04-25,391.77,6116.54,74.74,9622.05
2022-04-26,375.4,6457.23,84.06,7077.87
2022-04-27,402.88,4622.24,71.72,9490.82
2022-04-28,520.89,3832.88,56.49,11236.95
2022-04-29,458.36,4835.92,96.11,7967.43
2022-05-02,403.3,5865.18,56.29,9264.58
2022-05-03,432.09,4748.53,91.14,8829.21
2022-05-04,472.54,5132.15,97.56,7128.02
2022-05-05,509.08,5485.27,64.25,7826.78
2022-05-06,368.33,5434.87,73.05,8212.56
2022-05-09,516.85,4608.05,77.75,6478.01
2022-05-10,496.57,5311.44,72.26,7064.5
2022-05-11,415.12,6223.58,91.67,10336.98
2022-05-12,430.03,5983.12,55.33,8616.31
2022-05-13,474.53,5484.29,59.02,7702.03
2022-05-16,435.67,5330.8,81.93,9785.05
2022-05-17,456.87,6666.7,65.67,9522.49
2022-05-18,396.99,6835.88,89.43,7309.15
2022-05-19,358.86,4684.29,65.03,8653.24
2022-05-20,571.44,4986.55,68.42,4925.76
2022-05-23,458.53,5078.67,99.48,8666.56
2022-05-24,461.22,5970.83,69.1,11031.16
2022-05-25,475.44,5474.16,64.19,9184.48
2022-05-26,516.77,5221.05,76.57,8472.34
2022-05-27,496.45,6805.47,80.5,10039.03
2022-05-30,398.58,5863.47,79.6,6271.32
2022-05-31,444.35,4812.73,76.51,11487.9
2022-06-01,453.46,5499.03,104.67,10165.31
2022-06-02,488.09,5387.99,65.18,10632.62
2022-06-03,419.98,6695.63,78.44,6194.82
2022-06-06,469.07,3953.53,88.79,6943.67
2022-06-07,461.26,5446.96,61.88,8160.88
2022-06-08,518.97,5637.55,92.47,6361.38
2022-06-09,319.55,6468.37,87.81,10129.15
2022-06-10,453.98,5491.96,63.12,8295.56
2022-06-13,466.96,6106.55,97.93,6110.55
2022-06-14,483.73,6126.49,98.15,9492.59
2022-06-15,449.57,4101.21,61.4,8986.43
2022-06-16,408.57,5015.18,90.83,8592.24
2022-06-17,483.47,4962.56,70.32,7358.72
2022-06-20,468.44,5538.39,77.73,8942.91
2022-06-21,407.95,4412.5,86.4,8737.85
2022-06-22,381.94,5770.67,87.09,7324.35
2022-06-23,477.89,5184.69,75.87,10243.63
2022-06-24,406.63,5619.5,67.42,8471.03
2022-06-27,482.49,3618.83,95.09,8936.21
2022-06-28,525.79,5699.2,69.89,8723.53
2022-06-29,460.3,5662.04,77.14,8314.05
2022-06-30,461.44,4295.85,70.57,7601.07
2022-07-01,456.27,5236.43,80.49,8593.15
2022-07-04,519.3,5853.67,66.65,6723.16
2022-07-05,520.15,7086.43,81.53,9586.71
2022-07-06,454.21,4901.15,80.66,8321.41
2022-07-07,487.12,5456.85,85.93,8877.65
2022-07-08,452.25,4737.66,88.89,9590.89
2022-07-11,425.15,5839.62,108.84,9079.97
2022-07-12,488.41,4282.42,79.18,8712.47
2022-07-13,445.56,4897.13,79.34,6695.92
2022-07-14,407.5,5485.37,73.29,11128.34
2022-07-15,375.1,5388.7,67.42,7345.39
2022-07-18,499.61,5084.36,101.03,6040.84
2022-07-19,401.81,5071.48,72.25,9199.37
2022-07-20,394.47,4837.04,57.09,7940.42
2022-07-21,436.82,6109.41,69.63,6796.73
2022-07-22,486.97,5383.11,92.45,7723.9
2022-07-25,363.63,4290.65,62.8,5943.5
2022-07-26,481.84,5761.45,101.97,7665.81
2022-07-27,469.58,5812.93,91.96,8814.43
2022-07-28,389.21,6450.76,82.04,11804.76
2022-07-29,393.04,6821.72,69.86,10322.97
2022-08-01,441.28,5439.0,70.09,10931.18
2022-08-02,546.69,6555.2,90.95,8799.05
2022-08-03,437.46,5682.93,84.64,9121.17
2022-08-04,504.3,5942.68,73.43,9618.17
2022-08-05,497.19,5093.6,55.74,7543.95
2022-08-08,370.63,5447.79,86.9,8326.17
2022-08-09,449.93,5182.93,59.16,10388.55
2022-08-10,499.35,3840.57,86.49,8983.18
2022-08-11,425.15,5220.13,74.99,6135.49
2022-08-12,511.1,4228.25,74.97,9276.61
2022-08-15,396.13,5686.08,75.51,6903.63
2022-08-16,376.54,3501.6,67.2,11130.47
2022-08-17,428.09,5575.08,76.75,12061.25
2022-08-18,482.94,4074.16,88.1,8840.98
2022-08-19,430.83,4728.4,81.82,9543.23
2022-08-22,496.24,5235.52,87.69,7372.67
2022-08-23,372.94,5747.02,77.71,8104.09
2022-08-24,421.11,4612.87,79.21,8507.71
2022-08-25,518.62,5356.8,66.36,8559.22
2022-08-26,327.43,6255.65,60.83,7995.83
2022-08-29,465.7,5356.84,107.56,8540.73
2022-08-30,405.75,5861.37,85.27,7690.93
2022-08-31,413.02,5408.07,97.29,9590.8
2022-09-01,433.87,6387.65,72.95,8738.42
2022-09-02,376.75,6096.83,105.73,11032.06
2022-09-05,496.61,6443.89,108.87,7789.39
2022-09-06,479.39,5387.01,72.16,9881.21
2022-09-07,511.23,5280.73,92.99,9137.73
2022-09-08,458.44,3106.92,52.81,8572.85
2022-09-09,403.0,4530.83,73.8,11630.89
2022-09-12,482.66,4584.53,79.36,11158.95
2022-09-13,383.28,6171.59,87.31,8286.59
2022-09-14,404.37,5074.54,92.85,11503.96
2022-09-15,555.24,4594.79,76.13,6610.26
2022-09-16,504.1,5218.03,87.65,7975.2
2022-09-19,472.45,4844.37,78.96,6978.65
2022-09-20,524.51,4530.25,111.8,8351.56
2022-09-21,435.83,4415.93,55.86,9515.46
2022-09-22,479.75,6195.66,73.91,8486.04
2022-09-23,409.7,6625.2,82.25,8872.85
2022-09-26,433.73,5327.32,82.31,11992.44
2022-09-27,454.85,5666.1,43.89,8749.49
2022-09-28,525.29,6122.04,66.5,7891.07
2022-09-29,415.58,5076.29,88.88,10298.71
2022-09-30,503.43,5674.73,85.11,8502.8
2022-10-03,450.05,4393.31,45.33,8776.78
2022-10-04,362.41,3810.52,73.32,6949.29
2022-10-05,353.82,4777.31,84.4,7881.01
2022-10-06,415.61,6291.14,78.16,9327.72
2022-10-07,504.32,5312.91,73.82,6648.71
2022-10-10,463.48,4378.05,45.64,9309.94
2022-10-11,541.71,5743.22,60.04,8447.64
2022-10-12,459.66,6386.64,72.84,7104.18
2022-10-13,521.66,4676.59,98.44,8192.68
2022-10-14,463.16,5903.16,68.79,7205.12
2022-10-17,404.87,7167.44,80.03,10597.35
2022-10-18,486.45,5144.55,65.51,7059.8
2022-10-19,413.29,5537.19,79.64,10071.4
2022-10-20,379.8,4854.45,98.98,9408.68
2022-10-21,412.91,4279.1,76.29,9980.34
2022-10-24,431.07,4340.27,77.02,9797.91
2022-10-25,463.17,6205.12,96.28,9015.69
2022-10-26,493.39,5831.92,65.15,10339.12
2022-10-27,481.24,5281.3,79.97,9000.54
2022-10-28,555.62,7048.82,68.02,8325.04
2022-10-31,352.42,5176.02,93.62,9195.41
2022-11-01,441.69,5571.56,75.21,9720.6
2022-11-02,580.6,6094.8,96.32,6063.34
2022-11-03,435.13,4952.19,106.77,9762.74
2022-11-04,387.67,4662.45,67.56,9647.74
2022-11-07,412.97,5050.98,99.07,8871.56
2022-11-08,402.19,4593.63,99.94,7616.55
2022-11-09,426.15,5578.35,76.92,10953.47
2022-11-10,537.81,5648.76,68.0,9097.17
2022-11-11,380.8,4985.21,96.58,10357.52
2022-11-14,416.08,3758.5,80.5,11590.22
2022-11-15,522.21,4998.14,74.3,5667.07
2022-11-16,465.94,4378.76,84.53,6076.55
2022-11-17,467.61,5078.62,77.16,10857.78
2022-11-18,432.15,5692.74,83.71,6597.24
2022-11-21,498.4,6658.7,95.07,6069.82
2022-11-22,399.98,6540.88,87.3,10701.08
2022-11-23,499.18,4376.97,69.55,10079.59
2022-11-24,457.3,5577.45,83.44,9576.03
2022-11-25,441.71,5001.04,65.83,9112.66
2022-11-28,424.27,5625.21,60.45,8458.47
2022-11-29,498.91,6898.69,83.04,10064.74
2022-11-30,468.16,6026.35,92.48,8425.38
2022-12-01,431.52,5824.6,52.1,8682.78
2022-12-02,457.18,5140.1,98.2,10517.41
2022-12-05,398.54,4952.36,115.87,10051.15
2022-12-06,515.52,5265.05,106.96,6018.43
2022-12-07,520.73,6000.7,31.31,6247.6
2022-12-08,508.32,6779.36,89.98,7426.39
2022-12-09,465.97,5997.69,83.14,9487.34
2022-12-12,477.13,5385.25,92.98,9416.3
2022-12-13,383.29,5474.78,101.37,10893.9
2022-12-14,433.13,6136.18,84.72,9407.01
2022-12-15,439.34,6906.72,55.94,10581.84
2022-12-16,444.97,7163.38,69.9,10952.7
2022-12-19,483.32,4775.02,82.53,9960.63
2022-12-20,429.59,4384.21,83.49,8572.67
2022-12-21,414.62,6281.65,91.58,10224.83
2022-12-22,511.99,6219.44,82.09,7173.97
2022-12-23,436.01,6393.22,103.18,8719.93
2022-12-26,419.39,6916.47,66.0,10492.61
2022-12-27,350.49,5382.3,71.39,7841.69
2022-12-28,383.11,6203.94,94.17,7469.3
2022-12-29,439.91,4672.46,86.5,11368.95
2022-12-30,465.04,6550.77,112.03,10457.72
2023-01-02,362.04,5432.82,65.91,9640.14
2023-01-03,450.41,5407.1,51.13,12305.73
2023-01-04,467.66,4617.23,75.36,9572.48
2023-01-05,425.87,6649.01,98.45,8403.58
2023-01-06,453.93,6286.51,68.6,9469.29
2023-01-09,521.64,6043.46,65.08,10185.74
2023-01-10,413.55,4427.27,90.14,8605.76
2023-01-11,366.15,4898.46,82.35,8706.93
2023-01-12,431.99,6377.57,83.9,11295.67
2023-01-13,406.74,5391.08,77.09,10228.16
2023-01-16,448.44,5651.85,59.22,10251.04
2023-01-17,485.75,5776.66,116.45,9361.69
2023-01-18,495.39,5155.53,69.8,8712.48
2023-01-19,466.95,6378.7,97.57,11879.24
2023-01-20,521.02,3876.16,54.31,7937.77
2023-01-23,468.96,6813.97,70.89,11403.9
2023-01-24,502.23,6765.42,55.01,11218.48
2023-01-25,468.38,5872.25,58.66,6682.28
2023-01-26,464.57,6116.17,56.38,11826.79
2023-01-27,425.43,5398.26,88.58,9301.16
2023-01-30,450.88,6985.35,77.6,9169.9
2023-01-31,421.99,5018.38,86.22,7506.95
2023-02-01,435.89,4723.24,85.91,8525.56
2023-02-02,454.36,5841.65,58.01,10185.49
2023-02-03,508.47,5077.52,74.79,7462.56
2023-02-06,437.89,5234.13,54.07,8027.79
2023-02-07,481.76,6821.59,104.82,9716.81
2023-02-08,388.75,3856.73,90.36,8499.92
2023-02-09,436.28,6051.19,77.02,8319.66
2023-02-10,514.45,4623.89,51.42,9446.99
2023-02-13,467.97,5626.48,96.56,9288.41
2023-02-14,359.81,5876.37,68.22,10859.56
2023-02-15,449.12,5743.87,59.77,8855.31
2023-02-16,438.32,4230.67,51.27,9480.91
2023-02-17,391.27,5529.9,104.73,7218.72
2023-02-20,362.67,5961.69,95.46,10180.44
2023-02-21,402.99,7065.79,71.87,8774.3
2023-02-22,397.15,5746.83,92.57,7819.74
2023-02-23,486.31,4507.82,51.21,5397.17
2023-02-24,479.52,4835.94,100.69,9783.18
2023-02-27,482.64,4726.45,83.21,8992.05
2023-02-28,504.67,6525.86,106.97,9910.85
2023-03-01,341.62,6146.97,88.48,8278.07
2023-03-02,436.84,4159.42,68.81,9174.1
2023-03-03,467.63,5035.62,54.76,10236.5
2023-03-06,417.14,6579.09,97.38,8316.69
2023-03-07,419.23,4770.69,61.86,11799.49
2023-03-08,410.66,5927.25,93.4,7974.89
2023-03-09,458.98,5222.53,96.76,11596.38
2023-03-10,447.73,5672.72,64.86,9150.04
2023-03-13,512.13,5097.94,90.05,9254.17
2023-03-14,470.24,4367.39,97.6,8015.58
2023-03-15,461.24,4694.0,83.32,5475.3
2023-03-16,449.52,5840.88,69.25,7155.24
2023-03-17,411.36,6630.2,50.38,8833.22
2023-03-20,456.83,5332.04,88.61,8340.36
2023-03-21,491.85,5842.79,74.98,10826.02
2023-03-22,474.24,5920.74,66.0,8620.05
2023-03-23,397.46,4601.63,69.96,11271.69
2023-03-24,375.19,4679.39,75.98,10784.67
2023-03-27,485.68,6014.98,115.65,9129.43
2023-03-28,460.28,5858.34,78.76,9239.39
2023-03-29,465.35,4836.65,96.6,7379.12
2023-03-30,408.04,3981.11,66.43,9622.37
2023-03-31,488.11,4947.16,104.2,9181.95
2023-04-03,487.16,4980.1,80.18,9009.36
2023-04-04,438.29,5814.72,86.36,10150.2
2023-04-05,479.78,5130.65,70.53,7305.74
2023-04-06,405.33,5368.76,71.9,10607.04
2023-04-07,446.86,6187.56,62.65,11352.95
2023-04-10,350.98,5851.92,92.73,7071.05
2023-04-11,436.86,5088.01,97.22,9463.08
2023-04-12,574.11,6326.42,92.1,8999.99
2023-04-13,486.55,5853.2,80.39,8618.82
2023-04-14,537.47,6841.66,83.47,11994.94
2023-04-17,480.66,4949.91,99.95,8086.47
2023-04-18,463.9,5595.4,80.09,6818.63
2023-04-19,463.17,5138.48,73.82,10658.7
2023-04-20,432.28,4546.4,83.75,10190.65
2023-04-21,488.86,4642.51,74.73,7973.36
2023-04-24,415.84,5602.81,92.67,7895.67
2023-04-25,455.0,5968.12,77.93,8496.61
2023-04-26,616.0,5105.51,61.78,7418.53
2023-04-27,477.93,5332.17,58.14,10470.51
2023-04-28,429.12,6500.47,56.41,7759.01
2023-05-01,506.22,5375.57,103.04,9363.1
2023-05-02,474.65,5124.57,80.3,7111.78
2023-05-03,439.81,6213.03,100.22,8120.75
2023-05-04,397.23,5080.32,102.54,8008.46
2023-05-05,444.78,5946.28,75.78,10101.22
2023-05-08,430.85,5124.99,117.63,11834.52
2023-05-09,455.46,5521.14,77.98,9893.34
2023-05-10,472.08,5266.03,87.2,8493.26
2023-05-11,467.36,5051.33,68.62,8073.77
2023-05-12,405.94,5587.78,86.8,7991.12
2023-05-15,478.87,6931.68,73.98,7153.7
2023-05-16,473.23,6045.53,89.56,8416.04
2023-05-17,379.17,5472.01,108.48,8678.83
2023-05-18,468.99,6535.43,90.47,11409.6
2023-05-19,448.3,4019.45,60.78,9940.44
2023-05-22,471.38,5609.6,57.87,11450.53
2023-05-23,397.41,4893.23,64.45,5675.89
2023-05-24,435.73,4544.44,109.23,7877.97
2023-05-25,439.72,5049.09,72.47,9525.96
2023-05-26,389.62,5364.28,45.43,9544.35
2023-05-29,477.13,4631.59,69.37,12281.55
2023-05-30,436.38,5586.33,85.23,9683.95
2023-05-31,470.77,4192.93,69.9,9378.85
2023-06-01,400.99,5904.98,95.79,7373.31
2023-06-02,381.07,5910.89,99.9,9142.96
2023-06-05,393.09,7117.14,69.68,8259.72
2023-06-06,341.72,6014.99,100.54,8783.73
2023-06-07,412.26,5182.99,68.24,9900.41
2023-06-08,470.94,5046.67,107.66,8669.82
2023-06-09,524.27,5829.09,72.51,5314.45
2023-06-12,510.57,5829.22,103.18,10121.33
2023-06-13,518.03,4367.38,79.4,7746.0
2023-06-14,517.79,4109.54,68.27,9949.13
2023-06-15,560.55,6074.93,79.29,9218.0
2023-06-16,462.29,5803.38,82.7,9707.56
2023-06-19,500.39,4545.51,64.62,8405.77
2023-06-20,485.62,6586.87,88.16,8304.35
2023-06-21,322.12,5685.06,62.45,8181.52
2023-06-22,460.91,5191.41,62.44,9691.38
2023-06-23,455.85,5291.68,80.91,10666.15
2023-06-26,472.33,5906.5,90.03,7407.01
2023-06-27,426.73,5367.91,64.31,6459.79
2023-06-28,415.3,5324.57,84.88,9183.89
2023-06-29,426.65,6178.21,100.81,9385.84
2023-06-30,489.88,4676.1,81.4,8899.82
2023-07-03,476.11,5703.98,71.87,10004.51
2023-07-04,527.96,5709.43,97.95,8869.14
2023-07-05,388.1,6425.25,105.56,9430.91
2023-07-06,509.85,5815.78,76.67,9520.31
2023-07-07,549.4,6193.49,84.3,8270.75
2023-07-10,406.0,6284.76,75.27,8567.21
2023-07-11,456.25,6485.74,88.95,9140.46
2023-07-12,370.73,4932.07,97.57,7768.98
2023-07-13,309.36,5337.99,69.18,11350.24
2023-07-14,381.39,5420.66,109.04,9053.87
2023-07-17,452.5,7099.63,81.48,8415.38
2023-07-18,461.33,6435.49,76.25,7961.4
2023-07-19,430.16,5952.54,87.84,11008.42
2023-07-20,483.03,6023.25,82.63,10394.09
2023-07-21,468.14,5602.15,82.71,7903.36
2023-07-24,547.14,6633.75,43.38,7161.54
2023-07-25,377.1,5446.17,111.29,10107.34
2023-07-26,404.41,6172.22,88.15,11457.76
2023-07-27,419.16,5856.65,81.57,8386.43
2023-07-28,416.19,4877.22,98.06,9948.54
2023-07-31,425.07,6511.81,77.41,9678.56
2023-08-01,572.25,6065.81,76.52,9243.72
2023-08-02,430.94,5616.83,100.85,11221.97
2023-08-03,483.25,4820.96,68.79,10236.83
2023-08-04,376.1,6147.86,79.76,7511.23
2023-08-07,413.34,5069.89,94.99,9258.18
2023-08-08,493.66,4623.37,83.47,7019.6
2023-08-09,501.15,6517.25,88.8,7461.82
2023-08-10,366.17,5522.54,62.44,7870.79
2023-08-11,558.46,5806.17,51.42,8396.37
2023-08-14,471.8,6149.88,92.57,8174.08
2023-08-15,409.98,6669.1,92.21,9231.98
2023-08-16,474.22,4701.56,101.29,9514.13
2023-08-17,416.63,4195.95,108.55,9301.56
2023-08-18,374.3,6410.59,82.1,8148.78
2023-08-21,459.72,5255.46,87.14,9203.01
2023-08-22,493.14,5723.59,97.87,9764.76
2023-08-23,505.8,6194.77,57.11,11484.82
2023-08-24,363.08,6741.59,79.56,9342.3
2023-08-25,400.19,4955.21,74.36,10102.47
2023-08-28,439.69,5149.77,85.63,9021.94
2023-08-29,504.86,3895.86,104.18,4717.22
2023-08-30,518.12,5774.49,79.63,6056.39
2023-08-31,428.85,5521.46,69.78,10105.84
2023-09-01,386.42,5577.27,66.27,10048.15
2023-09-04,479.43,6961.48,64.54,7959.42
2023-09-05,424.77,4644.76,80.35,6869.51
2023-09-06,472.12,4251.24,43.36,10126.04
2023-09-07,505.02,4719.62,94.68,10070.18
2023-09-08,482.06,6040.98,80.72,5266.57
2023-09-11,397.16,4278.81,75.69,7205.66
2023-09-12,385.4,4642.25,79.87,9024.75
2023-09-13,371.25,5863.69,75.18,10452.78
2023-09-14,489.03,4581.72,100.98,8512.45
2023-09-15,509.33,4903.13,57.45,9025.73
2023-09-18,395.4,4578.74,51.67,11025.01
2023-09-19,421.4,5937.51,86.4,9440.63
2023-09-20,399.85,4864.46,58.75,10309.88
2023-09-21,441.55,6063.71,84.08,9291.5
2023-09-22,404.03,4971.07,87.38,10984.41
2023-09-25,403.82,5653.43,51.26,8959.43
2023-09-26,514.42,4776.61,79.0,9314.46
2023-09-27,496.72,6077.18,90.83,9844.92
2023-09-28,449.91,3437.71,71.41,9622.84
2023-09-29,507.98,7164.25,64.46,9974.88
2023-10-02,416.73,5729.74,99.72,10096.37
2023-10-03,472.39,4461.87,63.21,9278.6
2023-10-04,398.55,4812.03,81.65,8737.87
2023-10-05,408.3,5374.73,91.51,10964.92
2023-10-06,498.55,5549.23,63.91,9248.88
2023-10-09,384.14,4889.54,88.93,9389.89
2023-10-10,425.26,6428.87,67.18,7156.69
2023-10-11,385.45,5358.61,85.96,8376.09
2023-10-12,381.0,4888.5,79.61,7299.01
2023-10-13,446.8,5506.9,98.5,9682.35
2023-10-16,449.25,6244.69,95.41,8492.77
2023-10-17,366.42,4335.81,96.11,7714.67
2023-10-18,558.69,4823.88,65.96,10672.81
2023-10-19,525.09,6414.36,83.07,9271.33
2023-10-20,397.34,5798.79,69.51,8660.4
2023-10-23,466.25,5571.52,115.58,12478.87
2023-10-24,452.72,7086.02,76.73,9618.16
2023-10-25,411.27,6823.67,78.34,5845.92
2023-10-26,376.67,4527.55,66.87,11082.35
2023-10-27,444.93,4360.88,78.01,9643.98
2023-10-30,434.8,5869.92,63.91,12752.08
2023-10-31,507.01,6282.74,85.7,11713.9
2023-11-01,452.58,5322.0,89.19,7957.19
2023-11-02,391.32,5889.61,63.48,10010.25
2023-11-03,408.31,4963.9,67.15,6894.34
2023-11-06,443.15,6175.11,89.98,9164.09
2023-11-07,495.04,4523.49,71.88,7247.25
2023-11-08,383.17,5727.33,86.44,9175.48
2023-11-09,457.88,6034.3,63.15,9383.74
2023-11-10,512.85,5358.25,122.1,10639.83
2023-11-13,368.93,5541.17,39.0,8420.56
2023-11-14,518.95,5569.41,81.1,11505.78
2023-11-15,416.12,6261.71,83.57,6457.78
2023-11-16,442.23,4925.6,91.04,7548.87
2023-11-17,417.33,6499.71,62.58,9070.36
2023-11-20,464.57,4241.57,75.04,8973.84
2023-11-21,471.53,6543.96,79.18,6857.13
2023-11-22,473.24,5806.94,72.48,11258.14
2023-11-23,591.97,6224.95,88.63,9281.29
2023-11-24,316.01,6491.0,74.26,7895.04
2023-11-27,419.37,5887.37,98.65,8467.01
2023-11-28,377.03,6604.05,70.34,9369.59
2023-11-29,434.87,6064.48,56.67,9100.34
2023-11-30,409.07,5587.05,92.83,7610.19
2023-12-01,432.51,6361.06,76.67,9337.72
2023-12-04,444.7,6640.03,67.91,10621.17
2023-12-05,415.41,4122.09,88.46,7686.96
2023-12-06,494.78,5712.04,81.21,9196.04
2023-12-07,369.64,3852.1,88.2,8610.83
2023-12-08,419.04,5607.67,57.14,9021.75
2023-12-11,448.07,5575.56,85.19,10392.85
2023-12-12,518.12,5501.91,93.39,7097.7
2023-12-13,377.05,6508.77,83.03,7444.43
2023-12-14,382.6,6463.06,64.61,8713.76
2023-12-15,474.47,6221.87,94.64,10833.61
2023-12-18,451.34,3359.54,94.07,11145.32
2023-12-19,372.71,6724.11,60.58,9124.91
2023-12-20,507.44,5041.59,59.24,9164.51
2023-12-21,460.89,3338.94,68.38,8427.03
2023-12-22,430.45,5680.91,83.01,7558.47
2023-12-25,430.35,5371.31,71.13,10159.92
2023-12-26,452.93,5248.73,69.49,10001.4
2023-12-27,428.86,6740.24,56.79,9340.01
2023-12-28,464.76,5327.2,84.19,8901.7
2023-12-29,465.08,4798.29,100.55,9712.49
2024-01-01,391.22,6308.6,76.9,8023.33
2024-01-02,367.18,4737.29,101.81,9259.71
2024-01-03,530.34,6364.4,72.13,7440.57
2024-01-04,420.48,4748.57,116.9,9487.47
2024-01-05,537.17,6112.55,55.65,10636.24
2024-01-08,455.93,7103.74,88.79,7098.69
2024-01-09,310.53,6343.36,71.35,7810.01
2024-01-10,462.51,4990.75,88.63,10793.61
2024-01-11,403.44,4230.56,47.31,8368.33
2024-01-12,332.58,5188.3,74.92,11101.25
2024-01-15,447.53,4272.2,96.49,7242.85
2024-01-16,390.47,6705.65,92.32,9085.66
2024-01-17,436.87,6378.09,91.79,8642.75
2024-01-18,506.57,3754.59,92.01,11168.55
2024-01-19,487.89,5201.92,67.84,9469.19
2024-01-22,450.3,5957.76,79.48,4464.07
2024-01-23,451.69,6321.09,98.3,9541.52
2024-01-24,451.76,4603.64,48.97,8228.89
2024-01-25,412.98,5588.61,99.8,6436.26
2024-01-26,395.02,4626.83,99.06,9241.84
2024-01-29,423.36,5253.81,74.48,6153.8
2024-01-30,453.55,6189.6,80.9,10959.58
2024-01-31,404.92,3918.93,84.45,6593.66
2024-02-01,433.2,5545.38,68.9,8672.89
2024-02-02,446.38,6215.6,64.0,10913.1
2024-02-05,397.5,4184.45,76.29,9537.89
2024-02-06,499.02,4852.16,103.07,10896.13
2024-02-07,510.9,6779.27,47.97,8871.15
2024-02-08,454.69,5546.6,88.54,9774.55
2024-02-09,396.73,6303.67,115.16,11648.21
2024-02-12,345.3,6053.06,81.13,6914.39
2024-02-13,316.27,6630.52,78.85,6555.8
2024-02-14,504.83,6337.25,64.59,8319.31
2024-02-15,455.55,5596.9,60.16,6691.0
2024-02-16,414.54,5016.24,67.49,7054.54
2024-02-19,368.53,6139.07,87.17,9801.45
2024-02-20,435.87,4778.22,63.95,8616.3
2024-02-21,492.66,5033.39,90.98,9503.09
2024-02-22,460.91,5190.38,66.45,10462.92
2024-02-23,391.5,5289.95,81.61,10254.82
2024-02-26,599.57,4612.76,92.0,9260.98
2024-02-27,472.03,5463.92,72.03,10560.29
2024-02-28,380.12,6180.67,87.67,9460.34
2024-02-29,464.78,4181.61,64.88,11829.92
2024-03-01,465.82,3845.61,68.43,7898.02
2024-03-04,482.67,5030.63,84.83,6894.89
2024-03-05,464.09,5579.65,102.75,8071.68
2024-03-06,381.85,5868.23,54.07,7449.8
2024-03-07,465.19,5763.92,88.47,8006.5
2024-03-08,404.21,5451.21,41.82,6482.72
2024-03-11,452.54,7161.68,69.7,10722.81
2024-03-12,443.35,6097.13,59.86,10815.92
2024-03-13,480.33,5614.9,69.75,7824.78
2024-03-14,457.84,6059.09,69.99,8906.67
2024-03-15,429.37,5785.6,52.5,9394.26
2024-03-18,581.88,5390.37,96.93,8927.2
2024-03-19,429.24,5780.32,86.23,13984.49
2024-03-20,427.86,5228.64,70.09,10584.01
2024-03-21,470.01,5201.38,104.09,9573.43
2024-03-22,471.64,6583.44,92.84,9041.76
2024-03-25,497.21,4167.06,84.51,7018.76
2024-03-26,372.44,5076.42,85.58,8370.66
2024-03-27,418.04,4982.65,70.73,8310.65
2024-03-28,503.34,6020.27,83.84,9969.78
2024-03-29,460.64,4642.74,51.45,9813.5
2024-04-01,461.54,5704.84,81.38,10061.4
2024-04-02,373.66,5796.96,81.4,8895.64
2024-04-03,372.96,6066.61,84.52,8905.72
2024-04-04,403.91,6220.22,73.89,5656.23
2024-04-05,457.82,5578.98,70.09,10830.93
2024-04-08,486.32,5047.3,70.06,11740.06
2024-04-09,492.12,5527.4,123.94,6003.22
2024-04-10,349.29,4266.57,97.85,8312.97
2024-04-11,442.59,6369.91,92.85,7395.22
2024-04-12,449.91,4772.74,69.23,9695.23
2024-04-15,424.82,5311.36,88.76,9752.61
2024-04-16,425.72,5193.1,76.93,8596.79
2024-04-17,391.08,7080.26,55.9,7218.99
2024-04-18,427.29,5068.58,95.32,7137.71
2024-04-19,324.39,5341.73,61.53,7354.15
2024-04-22,511.14,6571.91,69.46,7765.36
2024-04-23,455.74,5819.83,88.32,7801.78
2024-04-24,520.99,5001.88,79.48,7078.79
2024-04-25,403.6,6295.54,34.26,8783.78
2024-04-26,357.0,5331.88,54.24,8434.01
2024-04-29,537.52,6141.51,49.97,8700.02
2024-04-30,334.1,6554.9,109.21,8949.35
2024-05-01,382.3,4956.98,75.86,9360.38
2024-05-02,484.39,4669.83,71.42,8698.75
2024-05-03,517.9,5046.01,88.58,9289.24
2024-05-06,410.1,5983.25,81.19,8509.46
2024-05-07,434.57,7104.75,66.73,8126.43
2024-05-08,431.98,6001.64,106.46,9509.15
2024-05-09,472.91,6111.0,111.79,7778.72
2024-05-10,400.0,5210.66,86.68,11118.44
2024-05-13,476.56,5573.2,64.07,7648.9
2024-05-14,491.45,5771.63,91.26,8879.26
2024-05-15,440.63,4085.79,86.36,10080.65
2024-05-16,450.88,5226.5,92.52,9731.16
2024-05-17,564.07,5154.01,103.02,10087.92
2024-05-20,462.16,5591.42,87.35,7430.08
2024-05-21,425.18,6349.06,94.28,8664.67
2024-05-22,501.9,5680.22,88.36,6779.29
2024-05-23,508.54,6232.42,68.03,7973.28
2024-05-24,410.67,6012.01,68.51,9151.35
2024-05-27,396.91,5989.93,66.43,10724.34
2024-05-28,520.96,5230.41,73.95,10273.2
2024-05-29,509.24,5432.81,60.0,10478.72
2024-05-30,514.39,5607.46,79.79,9734.63
2024-05-31,531.67,5265.03,102.94,9864.04
2024-06-03,388.91,5820.27,74.1,8304.96
2024-06-04,364.25,4894.38,87.3,10553.71
2024-06-05,498.92,6221.72,72.51,10654.89
2024-06-06,495.98,5539.63,69.65,8638.43
2024-06-07,456.21,4484.85,80.17,8380.18
2024-06-10,485.06,6473.2,78.49,8575.51
2024-06-11,409.25,6639.62,54.08,7376.8
2024-06-12,396.16,6487.57,72.25,10208.51
2024-06-13,442.47,4964.47,72.74,8456.91
2024-06-14,469.4,4863.94,84.56,7280.08
2024-06-17,479.31,5384.04,73.51,7734.37
2024-06-18,442.28,5012.78,53.71,10216.46
2024-06-19,478.53,6139.17,67.85,11782.15
2024-06-20,509.56,5016.27,61.1,7047.21
2024-06-21,472.39,5252.97,70.79,6556.84
2024-06-24,423.2,5870.42,80.85,6100.49
2024-06-25,533.69,5443.57,61.22,9628.21
2024-06-26,388.84,4738.43,83.02,10430.25
2024-06-27,458.29,5754.26,104.81,9214.23
2024-06-28,544.52,5150.03,77.8,8660.97
2024-07-01,572.47,5785.47,76.55,7796.91
2024-07-02,529.83,5712.95,68.83,8644.52
2024-07-03,426.49,5665.86,84.41,7902.7
2024-07-04,358.84,4809.72,93.72,8028.11
2024-07-05,424.24,5060.6,86.13,8652.16
2024-07-08,446.1,5752.34,74.88,8577.86
2024-07-09,454.83,4517.79,112.75,9570.33
2024-07-10,397.67,6657.51,93.09,9414.77
2024-07-11,422.57,5639.76,80.85,8074.03
2024-07-12,460.25,5675.79,54.6,7618.03
2024-07-15,452.5,4743.7,90.11,8790.68
2024-07-16,514.66,5181.4,81.95,8523.06
2024-07-17,478.51,5107.03,63.69,9123.67
2024-07-18,479.58,4220.46,84.41,12075.55
2024-07-19,422.6,4637.04,92.83,8859.68
2024-07-22,453.63,6472.62,113.32,11967.29
2024-07-23,351.73,4680.49,105.72,7865.61
2024-07-24,429.09,5579.3,64.01,8856.27
2024-07-25,369.56,6212.39,81.57,7084.28
2024-07-26,457.01,5130.87,99.38,8043.14
2024-07-29,477.48,5719.76,93.01,8216.72
2024-07-30,456.05,5303.64,74.56,8406.19
2024-07-31,526.29,5168.19,40.34,9358.53
2024-08-01,415.7,6269.08,75.55,8832.87
2024-08-02,444.92,5215.21,72.5,7653.06
2024-08-05,421.85,3872.09,63.71,7901.94
2024-08-06,433.55,4606.23,90.25,9401.41
2024-08-07,516.23,5297.88,95.91,7720.26
2024-08-08,380.28,6035.64,69.83,7795.09
2024-08-09,532.84,4891.88,78.76,9786.38
2024-08-12,518.19,6440.71,72.19,9497.78
2024-08-13,479.49,4057.2,94.6,9602.62
2024-08-14,432.28,4962.91,107.04,6993.07
2024-08-15,461.99,5436.09,75.64,9024.02
2024-08-16,429.8,5144.35,95.44,6992.44
2024-08-19,523.81,4914.42,88.74,9552.63
2024-08-20,393.19,6032.63,63.21,9953.0
2024-08-21,400.79,4482.1,65.35,5468.53
2024-08-22,451.8,4927.26,87.82,9102.29
2024-08-23,324.1,5195.03,48.98,9861.01
2024-08-26,523.69,4120.15,74.09,10838.79
2024-08-27,433.71,5376.44,91.64,8928.49
2024-08-28,488.0,5562.57,56.41,6809.6
2024-08-29,458.78,5627.23,78.02,6724.48
2024-08-30,361.24,6269.91,57.91,9943.49
2024-09-02,452.1,4949.83,84.28,8847.45
2024-09-03,471.06,6068.98,69.95,11324.97
2024-09-04,390.08,5605.01,91.72,11674.37
2024-09-05,398.99,5012.21,69.76,9732.77
2024-09-06,396.76,4583.83,84.43,8373.92
2024-09-09,488.89,6211.73,68.8,10642.01
2024-09-10,386.67,4030.16,79.73,10778.93
2024-09-11,403.97,5991.7,70.34,9741.1
2024-09-12,445.41,5488.16,94.99,8714.32
2024-09-13,455.73,6243.73,92.55,9422.6
2024-09-16,419.28,4776.48,83.52,10401.23
2024-09-17,528.23,4142.25,65.83,7681.9
2024-09-18,530.57,5619.95,103.98,11247.9
2024-09-19,385.89,5830.16,98.86,7421.72
2024-09-20,539.86,6000.21,84.51,8013.85
2024-09-23,472.89,5459.59,79.57,7272.85
2024-09-24,482.86,5236.91,53.71,5884.53
2024-09-25,488.77,5206.42,87.28,9026.73
2024-09-26,379.9,5755.52,87.71,9516.87
2024-09-27,385.67,4497.58,70.11,6985.89
2024-09-30,473.52,5367.46,73.91,7742.16
2024-10-01,413.01,5618.33,82.14,8539.37
2024-10-02,588.53,6648.86,86.9,9673.54
2024-10-03,426.85,5161.68,65.19,7572.66
2024-10-04,496.79,4642.91,62.45,7759.41
2024-10-07,400.45,6695.08,93.04,9903.11
2024-10-08,558.06,5643.85,105.95,7109.09
2024-10-09,543.98,6137.42,110.7,8768.27
2024-10-10,374.14,4848.3,61.02,9112.33
2024-10-11,467.53,4210.08,86.99,7361.48
2024-10-14,454.24,5125.68,67.49,9815.66
2024-10-15,527.67,5763.7,87.86,6784.33
2024-10-16,328.18,5945.19,98.13,9258.17
2024-10-17,432.93,6107.08,84.39,11299.73
2024-10-18,493.42,4815.95,43.37,10569.76
2024-10-21,430.34,5437.56,71.87,10862.93
2024-10-22,414.74,4078.69,73.45,8334.3
2024-10-23,372.54,4492.73,88.48,10875.18
2024-10-24,464.43,4988.56,55.57,12193.71
2024-10-25,435.18,5273.66,94.57,9036.98
2024-10-28,371.75,6275.98,68.74,9631.39
2024-10-29,452.11,5810.39,90.58,8354.38
2024-10-30,408.97,6360.76,51.58,12077.55
2024-10-31,459.04,3981.75,123.84,8538.27
2024-11-01,481.88,5510.32,83.08,12002.71
2024-11-04,500.61,4424.19,75.99,8739.39
2024-11-05,463.31,6017.0,73.73,11388.29
2024-11-06,394.03,5040.46,89.73,6313.67
2024-11-07,434.47,5522.21,69.41,10003.43
2024-11-08,426.46,5923.06,75.36,7028.16
2024-11-11,497.08,5390.35,80.52,11577.47
2024-11-12,409.55,4516.48,98.4,7269.95
2024-11-13,522.55,4742.61,68.49,3540.55
2024-11-14,443.82,4509.61,67.98,8537.57
2024-11-15,479.22,4712.46,63.21,7397.64
2024-11-18,422.74,4904.24,63.84,12565.29
2024-11-19,507.8,5833.55,62.57,10316.66
2024-11-20,415.59,3714.51,80.92,9751.01
2024-11-21,528.85,7312.3,84.94,8621.82
2024-11-22,467.29,5237.15,59.1,10354.56
2024-11-25,485.88,5422.74,101.97,7729.0
2024-11-26,474.9,4863.38,92.35,8715.96
2024-11-27,405.21,5031.56,77.03,8951.14
2024-11-28,517.08,5086.3,71.14,10150.9
2024-11-29,367.95,4741.77,75.57,8807.32
2024-12-02,451.13,6269.79,72.24,8233.97
2024-12-03,486.0,5187.71,50.65,8142.54
2024-12-04,498.25,5390.27,85.9,10417.36
2024-12-05,413.87,5017.45,70.58,8170.8
2024-12-06,421.18,7700.13,87.65,9486.58
2024-12-09,434.35,4962.81,95.33,9307.93
2024-12-10,394.26,5835.1,74.7,5516.66
2024-12-11,433.08,6350.44,80.08,9967.56
2024-12-12,399.99,4602.51,87.53,9487.33
2024-12-13,469.66,4788.39,78.46,8337.11
2024-12-16,435.13,4602.39,78.06,9876.1
2024-12-17,403.83,5750.82,78.23,8708.51
2024-12-18,407.24,5862.48,98.21,9000.78
2024-12-19,452.2,6253.0,82.42,9687.44
2024-12-20,403.22,4771.41,73.98,8859.3
2024-12-23,374.57,5540.92,99.64,7257.56
2024-12-24,389.2,5126.61,73.2,9154.47
2024-12-25,456.22,5838.51,82.14,10148.6
2024-12-26,353.72,3352.82,83.7,11503.65
2024-12-27,448.88,6945.66,86.57,9960.5
2024-12-30,486.11,4964.09,90.62,10572.08
2024-12-31,412.72,6124.47,70.08,7632.61
2025-01-01,428.62,4757.02,87.96,9779.55
2025-01-02,368.88,5698.61,49.28,7365.04
2025-01-03,394.06,5045.44,87.04,10744.74
2025-01-06,414.66,5066.59,73.24,8849.05
2025-01-07,460.48,6658.8,75.19,9007.98
2025-01-08,423.87,6870.94,92.75,7063.66
2025-01-09,386.38,4684.46,93.23,10353.2
2025-01-10,415.8,5218.79,54.02,5718.88
2025-01-13,381.92,4386.92,74.59,10860.91
2025-01-14,530.74,6502.53,87.35,9106.57
2025-01-15,411.53,6179.52,57.95,9694.73
2025-01-16,520.74,6040.79,63.44,11432.26
2025-01-17,363.31,4580.74,65.22,7950.35
2025-01-20,394.58,5631.71,84.31,10970.94
2025-01-21,516.37,5187.25,83.3,8779.51
2025-01-22,429.94,5103.31,72.13,9563.74
2025-01-23,552.26,5513.05,79.85,9703.55
2025-01-24,485.71,6105.83,84.68,11574.77
2025-01-27,514.9,6406.79,82.87,5814.36
2025-01-28,366.09,5849.41,68.71,8119.57
2025-01-29,454.45,6449.38,100.49,8580.29
2025-01-30,427.47,5660.25,94.9,7926.75
2025-01-31,526.16,5447.74,91.0,9317.15
2025-02-03,422.34,5873.56,58.88,8081.72
2025-02-04,445.59,5639.94,78.92,9084.95
2025-02-05,403.81,5604.93,64.54,7438.27
2025-02-06,360.79,6668.34,67.64,7059.59
2025-02-07,474.41,6328.84,65.99,7390.15
2025-02-10,425.5,5673.5,92.01,9312.11
2025-02-11,460.87,5385.65,98.75,9000.23
2025-02-12,393.55,5984.84,99.91,10262.8
2025-02-13,439.66,6154.46,93.73,9425.91
2025-02-14,399.5,5375.63,88.79,9059.04
2025-02-17,416.11,4860.36,89.75,9404.48
2025-02-18,450.43,4061.87,75.93,12202.36
2025-02-19,414.86,6939.9,76.91,10222.23
2025-02-20,470.0,5620.4,52.21,10650.34
2025-02-21,383.49,5463.82,94.78,9067.19
2025-02-24,420.96,6288.94,69.57,7483.05
2025-02-25,508.14,6883.4,74.58,12173.9
2025-02-26,404.87,4804.98,69.78,8390.94
2025-02-27,351.63,6797.45,69.69,8692.66
2025-02-28,504.86,6559.05,90.48,9157.43
2025-03-03,434.52,6408.65,88.24,8737.0
2025-03-04,389.46,5297.8,63.4,8323.76
2025-03-05,382.67,5492.96,102.2,9558.27
2025-03-06,469.68,5987.64,77.86,10474.56
2025-03-07,383.42,5756.5,70.82,9319.17
2025-03-10,354.96,5582.1,60.97,11788.05
2025-03-11,472.79,6260.69,90.62,8834.05
2025-03-12,452.54,6003.45,90.41,8462.62
2025-03-13,471.24,5019.07,95.46,10375.25
2025-03-14,413.42,4373.84,51.85,9779.56
2025-03-17,461.09,5473.65,78.16,10027.97
2025-03-18,391.96,5509.21,62.33,12435.04
2025-03-19,422.8,4664.78,94.23,8402.41
2025-03-20,450.56,4799.57,100.13,10368.27
2025-03-21,454.33,4465.44,67.02,10867.28
2025-03-24,498.54,5347.01,52.94,9804.83
2025-03-25,483.34,4193.0,78.4,8403.67
2025-03-26,398.14,6181.94,91.69,4831.25
2025-03-27,416.64,5303.56,74.65,8707.59
2025-03-28,482.17,5643.89,50.76,9051.57
2025-03-31,511.59,7159.31,90.72,8818.4
2025-04-01,473.3,5641.27,71.19,12125.07
2025-04-02,428.41,4364.1,102.66,10219.55
2025-04-03,461.4,6387.93,107.22,8472.27
2025-04-04,508.07,5454.15,56.56,8302.88
2025-04-07,518.43,4411.67,95.98,9491.75
2025-04-08,421.73,4458.5,71.18,9299.45
2025-04-09,401.63,5367.13,78.67,8711.15
2025-04-10,453.13,5196.67,95.11,9947.37
2025-04-11,419.84,6609.8,77.72,8778.03
2025-04-14,450.49,4882.82,82.34,7367.55
2025-04-15,406.25,5891.71,62.47,10075.27
2025-04-16,466.76,5811.4,101.3,9052.67
2025-04-17,476.34,4780.76,107.01,9669.69
2025-04-18,524.36,5834.47,111.36,9596.29
2025-04-21,513.99,5372.98,94.61,7583.06
2025-04-22,461.95,5370.13,72.55,7572.63
2025-04-23,406.14,5507.78,87.16,7963.81
2025-04-24,493.4,6281.69,61.42,8273.15
2025-04-25,418.11,5857.95,63.61,5010.48
2025-04-28,379.01,7109.86,75.97,9370.42
2025-04-29,434.98,5412.31,82.81,8135.89
2025-04-30,382.2,4925.09,79.64,8865.25
2025-05-01,541.9,6066.62,94.39,8707.31
2025-05-02,501.94,3990.14,73.26,6959.64
2025-05-05,514.86,6923.68,85.31,8652.29
2025-05-06,424.53,7329.48,57.19,9141.55
2025-05-07,439.4,6727.96,88.9,9202.71
2025-05-08,455.47,6041.27,70.23,8624.04
2025-05-09,424.51,5437.36,75.23,12949.64
2025-05-12,446.46,6077.48,86.46,8900.35
2025-05-13,466.09,4998.45,79.28,10239.77
2025-05-14,409.43,5925.2,58.89,6647.97
2025-05-15,442.28,5725.79,91.44,10046.78
2025-05-16,508.17,6091.9,57.31,9010.53
2025-05-19,453.04,4739.49,74.35,10895.58
2025-05-20,356.98,5890.73,79.97,8507.43
2025-05-21,398.98,5337.83,85.7,7186.19
2025-05-22,410.66,4879.49,79.37,4786.03
2025-05-23,422.47,5032.86,84.89,9175.06
2025-05-26,455.14,5679.06,104.13,10588.2
2025-05-27,400.79,5872.46,67.9,8802.6
2025-05-28,523.42,3084.78,94.75,8477.07
2025-05-29,435.03,5070.67,62.65,8081.68
2025-05-30,470.36,6723.72,71.54,9228.15
2025-06-02,402.15,6968.48,64.39,8512.29
2025-06-03,342.45,5871.72,54.23,8002.66
2025-06-04,469.49,5390.57,103.13,9879.69
2025-06-05,485.92,5002.62,82.0,12774.57
2025-06-06,495.59,6925.4,91.82,8374.85
2025-06-09,440.87,5479.78,70.43,9298.3
2025-06-10,455.52,6135.45,79.52,10848.95
2025-06-11,404.72,4397.04,97.49,8328.93
2025-06-12,366.68,4969.45,83.51,11615.26
2025-06-13,450.03,6745.88,68.21,5796.81
2025-06-16,471.49,6129.31,67.62,7958.81
2025-06-17,469.88,5675.05,74.6,9760.42
2025-06-18,489.16,4296.23,112.61,8410.4
2025-06-19,495.45,5885.2,105.39,5373.65
2025-06-20,486.6,5940.55,63.03,10963.9
2025-06-23,484.82,6409.23,79.16,11507.24
2025-06-24,459.62,4509.81,83.6,11532.21
2025-06-25,418.81,4638.19,86.33,8632.37
2025-06-26,348.15,5567.19,50.09,6439.39
2025-06-27,457.71,5511.81,83.93,9887.29
2025-06-30,516.43,5268.03,88.51,9283.97
2025-07-01,472.09,5072.17,69.84,5976.25
2025-07-02,546.05,4731.04,86.34,7886.98
2025-07-03,484.65,5483.24,100.87,8034.67
2025-07-04,350.99,4605.51,77.61,8639.0
2025-07-07,506.37,5186.6,84.9,10291.12
2025-07-08,408.77,5954.86,95.32,7717.81
2025-07-09,450.59,4826.82,77.27,10139.03
2025-07-10,435.29,5293.92,78.16,9526.83
2025-07-11,454.1,7121.56,86.0,9418.61
2025-07-14,538.05,4532.85,57.97,10163.11
2025-07-15,516.98,5075.4,48.14,9703.52
2025-07-16,389.52,5627.25,87.14,10613.59
2025-07-17,479.6,6533.83,79.41,8658.64
2025-07-18,423.44,6105.6,81.62,7088.15
2025-07-21,522.83,6516.14,79.01,11493.47
2025-07-22,539.22,6151.91,100.02,9960.76
2025-07-23,441.83,4957.11,94.93,9895.1
2025-07-24,511.74,5076.57,87.35,10553.86
2025-07-25,517.41,5446.09,97.29,6725.23
2025-07-28,502.69,5667.06,70.85,12385.29
2025-07-29,521.61,6390.53,60.74,9780.28
2025-07-30,460.66,5185.26,90.97,7760.25
2025-07-31,485.42,5770.23,50.24,8354.09
2025-08-01,465.79,6171.92,64.82,9575.58
2025-08-04,472.13,4233.15,48.41,9704.56
2025-08-05,467.58,5741.23,70.94,8547.71
2025-08-06,362.74,5554.27,87.58,9159.37
2025-08-07,458.24,5197.42,73.17,9527.67
2025-08-08,519.86,5098.11,61.36,6548.67
2025-08-11,401.13,3754.57,71.48,7555.39
2025-08-12,440.06,4318.73,66.7,7857.51
2025-08-13,315.18,5446.59,102.59,9109.81
2025-08-14,479.07,4928.94,92.55,8901.56
2025-08-15,465.47,6297.33,74.17,11277.19
2025-08-18,504.22,4755.35,95.76,8896.48
2025-08-19,535.38,4823.74,87.62,7081.29
2025-08-20,417.66,6212.24,85.66,9038.14
2025-08-21,424.08,5431.5,71.54,4626.13
2025-08-22,485.51,6168.96,93.8,8653.22
2025-08-25,433.94,4912.36,83.42,6995.98
2025-08-26,490.08,4695.96,74.69,10738.04
2025-08-27,374.41,6429.82,77.56,11975.55
2025-08-28,443.12,6089.49,68.91,8063.81
2025-08-29,402.55,4566.77,56.76,7127.72
2025-09-01,378.85,4819.11,66.9,10525.82
2025-09-02,461.9,7247.71,86.64,9441.78
2025-09-03,399.25,5673.85,77.1,8733.2
2025-09-04,424.14,7428.51,103.06,8496.24
2025-09-05,427.69,5622.7,76.78,8596.36
2025-09-08,309.76,5502.37,66.19,8217.54
2025-09-09,484.58,5904.23,90.7,10147.19
2025-09-10,466.46,6610.55,81.55,10589.7
2025-09-11,459.88,5529.43,73.75,9198.61
2025-09-12,433.53,5346.08,71.29,10378.68
2025-09-15,519.19,5323.57,77.07,9414.27
2025-09-16,466.05,5257.81,72.9,9354.37
2025-09-17,397.07,5829.11,100.75,8057.14
2025-09-18,469.8,6673.42,87.52,10011.94
2025-09-19,507.86,5949.24,75.1,9676.29
2025-09-22,445.14,5062.27,74.94,11045.07
2025-09-23,447.66,5323.12,72.85,10997.58
2025-09-24,473.67,4956.5,95.28,8236.73
2025-09-25,488.86,5480.36,85.12,8819.3
2025-09-26,473.65,4390.46,63.85,10018.27
2025-09-29,433.97,6141.62,72.14,8057.93
2025-09-30,483.98,5643.37,60.83,10219.26
2025-10-01,440.37,5164.23,86.45,8454.75
2025-10-02,437.63,5450.61,80.13,9756.66
2025-10-03,511.64,5467.92,113.92,11166.61
2025-10-06,434.91,5637.12,78.26,8989.51
2025-10-07,409.73,5573.91,73.58,8096.18
2025-10-08,477.61,6263.48,75.83,10166.49
2025-10-09,404.49,6129.9,57.24,9900.28
2025-10-10,507.59,3920.29,82.76,10481.18
2025-10-13,455.31,5709.94,65.86,8517.7
2025-10-14,501.68,7231.59,73.34,9097.1
2025-10-15,451.06,5019.61,91.47,8300.89
2025-10-16,399.81,5796.89,83.36,11833.52
2025-10-17,308.85,5163.97,76.54,8272.62
2025-10-20,404.08,4235.8,86.28,11049.29
2025-10-21,506.48,6447.74,59.19,8121.42
2025-10-22,425.52,6068.35,70.61,8962.92
2025-10-23,493.46,3776.33,89.42,8319.63
2025-10-24,503.66,5293.6,74.39,10999.33
2025-10-27,366.13,5908.95,86.66,9311.33
2025-10-28,427.93,5985.64,89.2,9223.1
2025-10-29,442.14,4358.22,100.42,9607.73
2025-10-30,521.23,6036.95,95.91,7143.0
2025-10-31,527.98,5611.4,102.93,8443.29
2025-11-03,412.5,4400.21,89.79,9517.88
2025-11-04,482.06,5286.84,61.81,7007.88
2025-11-05,465.8,6005.57,84.4,11295.83
2025-11-06,393.73,6263.91,55.78,9306.22
2025-11-07,504.06,5362.09,68.13,11675.3
2025-11-10,534.11,6585.89,77.1,9868.73
2025-11-11,396.35,5504.41,81.95,10055.45
2025-11-12,481.71,5793.36,78.99,11379.36
2025-11-13,414.26,6140.64,75.64,9302.35
2025-11-14,502.2,4763.32,63.44,7578.18
2025-11-17,503.94,5568.96,42.88,8927.51
2025-11-18,431.35,4601.42,81.34,9100.25
2025-11-19,439.67,4302.88,79.59,7339.12
2025-11-20,529.35,4987.69,98.77,8216.43
2025-11-21,438.84,4910.29,80.8,9132.18
2025-11-24,502.12,5441.55,31.54,10466.71
2025-11-25,361.07,5922.12,73.32,9273.97
2025-11-26,374.24,5440.54,107.11,9559.64
2025-11-27,501.45,4967.26,85.76,13770.27
2025-11-28,460.03,5680.0,76.98,9133.9
2025-12-01,432.4,4745.85,85.86,10115.15
2025-12-02,391.77,5474.79,70.58,10954.05
2025-12-03,457.47,6440.09,113.81,9365.01
2025-12-04,379.27,5406.7,79.68,11554.03
2025-12-05,437.7,3851.41,94.17,3139.47
2025-12-08,478.89,3557.9,100.43,9191.11
2025-12-09,431.3,6182.78,79.53,9012.55
2025-12-10,365.95,6039.11,85.48,9246.17
2025-12-11,360.75,5467.47,80.82,9860.96
2025-12-12,421.42,6359.64,77.08,5749.11
2025-12-15,331.57,5837.1,71.78,9705.51
2025-12-16,483.45,5955.37,91.52,9436.05
2025-12-17,408.1,4813.87,92.25,6674.0
2025-12-18,412.01,6441.21,77.82,10754.5
2025-12-19,425.25,7011.28,89.93,10615.81
2025-12-22,404.6,6752.9,67.84,5668.89
2025-12-23,510.13,5676.98,87.52,7430.59
2025-12-24,410.01,5819.14,82.44,7515.08
2025-12-25,382.27,6480.04,111.45,10596.24
