date,HKHSI,SH000001,SPX,IXIC,DJI
2021-01-01,19789.63,2840.47,4821.29,12620.19,35243.89
2021-01-04,23743.63,3073.57,4079.97,14566.2,34087.64
2021-01-05,18174.83,3364.51,3971.73,15167.64,40209.75
2021-01-06,18730.42,3047.06,4874.1,15274.33,30958.44
2021-01-07,25943.42,2467.83,3555.66,16117.33,36274.99
2021-01-08,22828.11,3199.54,4485.39,13098.97,31401.13
2021-01-11,19094.22,2806.86,3733.88,14300.47,38667.6
2021-01-12,22407.78,3605.5,4258.15,11337.48,37001.53
2021-01-13,19743.33,3220.13,4540.37,10933.27,35857.13
2021-01-14,20229.7,2801.59,4902.79,12876.38,39954.84
2021-01-15,21211.71,3864.16,4538.1,14899.12,35330.71
2021-01-18,16153.86,3570.16,4647.23,14589.16,31263.8
2021-01-19,15861.52,3800.35,4259.26,13764.14,43902.87
2021-01-20,19848.36,2995.24,4199.08,14684.31,28195.64
2021-01-21,27912.02,2857.21,5009.78,17537.15,35381.89
2021-01-22,23912.08,3674.49,4568.34,14279.06,33192.31
2021-01-25,18502.82,3418.77,5428.34,13627.46,30880.56
2021-01-26,12464.63,3551.87,4401.5,16876.33,37270.77
2021-01-27,26140.92,2892.14,4456.52,14651.08,34206.34
2021-01-28,18805.64,2648.08,5453.79,12688.67,29273.24
2021-01-29,20646.71,3108.11,4963.36,14442.19,36139.51
2021-02-01,19416.31,2688.87,4517.67,15393.51,38046.86
2021-02-02,20895.76,3537.63,3968.82,16469.0,30344.11
2021-02-03,18278.83,3289.0,4865.62,15682.03,26973.21
2021-02-04,24022.56,4169.61,4456.38,14533.46,36637.92
2021-02-05,16827.38,3222.63,3329.58,11994.48,34942.61
2021-02-08,18859.12,3263.7,4232.34,15914.91,36290.53
2021-02-09,22064.92,3186.35,4070.7,13228.98,42778.94
2021-02-10,23017.65,3587.47,3886.34,12494.32,35365.53
2021-02-11,25458.52,3042.79,4111.42,12051.84,28347.42
2021-02-12,24978.93,3181.99,4465.73,12415.31,37051.0
2021-02-15,21302.81,3228.36,3832.15,14665.86,34378.58
2021-02-16,16189.85,3023.56,4289.6,14106.46,35067.01
2021-02-17,19600.56,3131.67,5030.99,14738.17,38251.41
2021-02-18,19427.74,3364.18,4110.15,17443.05,33863.77
2021-02-19,20628.34,2956.63,4501.53,14430.02,36103.07
2021-02-22,20095.95,3412.08,3484.4,11976.78,34095.91
2021-02-23,20126.34,3253.68,4403.05,15173.88,37006.12
2021-02-24,20033.64,3242.75,4640.02,13436.53,37137.5
2021-02-25,23921.59,3397.06,5131.09,14504.43,30984.8
2021-02-26,20032.51,2347.83,4783.58,13038.21,31840.04
2021-03-01,24725.85,3264.74,4595.18,16594.97,37118.39
2021-03-02,21390.95,2256.41,4883.78,17071.85,38355.65
2021-03-03,20723.74,3226.26,5490.29,14668.98,31445.55
2021-03-04,21150.92,3499.04,4301.88,12443.89,34397.42
2021-03-05,21243.23,2841.53,2944.1,15781.7,38308.24
2021-03-08,16967.38,3458.39,4699.7,13963.33,43231.64
2021-03-09,21460.92,3089.12,4090.43,13177.79,27839.56
2021-03-10,18072.6,3060.38,4807.97,15040.67,29835.94
2021-03-11,19349.52,3916.74,5256.43,14262.09,31739.27
2021-03-12,20444.68,3289.68,4788.71,13350.25,37124.86
2021-03-15,23356.86,3154.76,4341.58,15310.91,30142.13
2021-03-16,18695.52,3104.25,4626.54,11757.64,36417.57
2021-03-17,18605.08,2816.16,4470.56,13425.04,36834.82
2021-03-18,16054.54,4201.55,3659.99,13742.98,34365.33
2021-03-19,22218.19,3635.58,4548.04,10661.01,37881.65
2021-03-22,20115.02,3371.87,4174.73,15701.73,34958.45
2021-03-23,20461.57,3192.55,3817.93,15246.39,35961.97
2021-03-24,17224.5,3414.7,5017.24,14906.63,37932.02
2021-03-25,22762.7,3126.65,4619.24,12804.47,44112.92
2021-03-26,22121.32,3465.61,4766.61,12845.91,32598.69
2021-03-29,20428.92,3267.25,5674.33,14924.06,36806.33
2021-03-30,16387.91,2297.48,3384.14,11550.12,30472.93
2021-03-31,19824.16,3093.77,4384.7,17384.22,34394.33
2021-04-01,18244.35,3842.84,4928.15,13608.67,35185.75
2021-04-02,15324.15,2784.28,4159.79,13619.28,30357.95
2021-04-05,16023.4,3406.82,4310.44,14788.39,28920.9
2021-04-06,21891.46,3361.4,4093.65,15698.28,36314.01
2021-04-07,17665.42,3300.35,5580.46,10663.77,34154.18
2021-04-08,15301.82,2532.06,4270.6,15298.53,34187.08
2021-04-09,19661.75,3314.37,3640.52,10629.49,44701.65
2021-04-12,21944.38,3059.53,4800.24,10188.89,43541.85
2021-04-13,23166.89,3331.38,5109.12,14192.4,39245.11
2021-04-14,16054.5,3835.69,4165.59,15322.15,38862.57
2021-04-15,18752.89,3041.03,4074.76,12745.02,38865.83
2021-04-16,21959.74,3083.84,3989.11,16750.24,34491.69
2021-04-19,19385.35,2834.47,3432.9,11868.54,34536.34
2021-04-20,20761.65,2878.38,4265.42,17930.76,34995.05
2021-04-21,15826.84,3330.49,3408.83,14422.73,41115.08
2021-04-22,16050.14,3018.55,4714.55,12504.3,30061.76
2021-04-23,26240.05,2924.39,4462.09,14883.23,34177.69
2021-04-26,21388.11,3432.48,4999.66,9880.67,33742.63
2021-04-27,20082.28,3419.9,4401.0,13783.21,25394.87
2021-04-28,20022.43,3145.47,4740.22,15153.6,40567.92
2021-04-29,18149.44,3559.36,4755.88,17521.65,33608.14
2021-04-30,18148.89,3154.89,5129.48,15915.4,39527.68
2021-05-03,14647.86,3101.74,4341.28,10651.9,36401.28
2021-05-04,19000.62,3093.83,4828.49,15019.03,35140.99
2021-05-05,19738.5,4698.58,4874.78,15113.1,35924.19
2021-05-06,20885.31,3863.02,4732.21,14526.36,30082.66
2021-05-07,19452.95,3332.17,3859.14,16218.26,37143.48
2021-05-10,20347.41,2585.05,5115.83,17191.19,40437.03
2021-05-11,21732.62,3351.77,5246.57,13235.92,30412.33
2021-05-12,22417.02,3391.47,4859.34,14966.0,36008.4
2021-05-13,25143.85,2781.23,4805.58,11545.95,33213.06
2021-05-14,22045.9,3028.07,4803.86,13291.48,36243.34
2021-05-17,18268.59,2811.23,3905.81,16126.83,42151.48
2021-05-18,19232.54,2913.44,4974.21,12546.67,26657.05
2021-05-19,16474.36,2572.57,5067.21,17444.83,27919.36
2021-05-20,18222.58,2667.78,4670.74,15328.42,33789.32
2021-05-21,18844.62,2977.16,3686.21,12793.86,30478.07
2021-05-24,23926.8,3455.98,4200.67,13673.78,32027.88
2021-05-25,19630.17,2866.12,4251.34,14386.78,35266.14
2021-05-26,21393.52,3080.8,4555.55,10956.21,37613.67
2021-05-27,17296.46,3335.12,4104.42,15148.12,37680.83
2021-05-28,19500.49,3086.23,4849.54,14446.51,32652.33
2021-05-31,15472.19,3104.66,4011.76,15944.75,34931.99
2021-06-01,21321.54,2308.1,4241.15,13537.72,34081.32
2021-06-02,24699.22,3322.44,3962.3,14045.01,39382.03
2021-06-03,22082.9,2899.51,4024.26,13400.92,33119.57
2021-06-04,19120.68,2973.69,5423.67,10899.14,37339.5
2021-06-07,17966.47,3411.48,3627.45,12819.58,34883.13
2021-06-08,20546.21,3305.19,4050.02,15956.33,32724.1
2021-06-09,20867.12,2841.75,4449.09,14101.24,30770.48
2021-06-10,27214.84,3722.15,4032.71,14177.67,31070.08
2021-06-11,15025.86,3125.68,4325.73,12755.56,31471.65
2021-06-14,17161.1,2233.73,4254.17,12834.79,34068.86
2021-06-15,20112.22,3404.18,3969.75,15306.82,37496.08
2021-06-16,18483.23,2688.64,3542.4,15219.3,36734.99
2021-06-17,23503.89,3623.13,3895.7,15182.57,30329.07
2021-06-18,17753.27,4070.03,4222.48,15779.63,32284.25
2021-06-21,18927.79,2773.65,5144.36,11236.61,36453.81
2021-06-22,16452.23,3332.53,5704.62,12879.94,35557.35
2021-06-23,23308.54,3737.81,4177.7,12387.12,39784.75
2021-06-24,23337.47,3222.1,4082.31,15523.78,32057.64
2021-06-25,20748.92,4363.7,4417.38,12282.03,42879.89
2021-06-28,20757.52,2800.35,4536.86,15769.78,33884.22
2021-06-29,24412.86,2810.63,4365.19,14986.63,30009.29
2021-06-30,18373.99,3816.06,4784.75,14031.4,31464.55
2021-07-01,18165.93,3110.42,4216.08,14178.58,34715.01
2021-07-02,25058.32,3090.06,4897.12,16198.05,38052.86
2021-07-05,22674.52,3185.92,4521.32,11917.13,41014.17
2021-07-06,18099.64,3719.45,4345.11,16672.05,37711.32
2021-07-07,23488.92,3236.18,5271.43,12944.18,32964.79
2021-07-08,17230.58,4093.37,4424.51,12063.69,28772.73
2021-07-09,16787.4,2498.23,5828.86,16419.17,36750.86
2021-07-12,19447.96,2993.63,4486.66,13776.22,42236.86
2021-07-13,21767.53,3650.07,4548.65,13895.92,31185.57
2021-07-14,16802.64,2800.36,4032.6,13496.07,34738.46
2021-07-15,13921.49,4051.02,4572.48,12972.39,29487.03
2021-07-16,26026.3,3002.54,4861.2,12785.64,39979.85
2021-07-19,21754.72,2942.72,4829.82,15808.12,29535.82
2021-07-20,20243.07,3391.91,4449.98,15918.53,33187.54
2021-07-21,18308.86,3313.27,5131.03,12611.0,27710.49
2021-07-22,20464.73,3161.92,4111.26,12799.95,39571.94
2021-07-23,21252.28,3449.76,4181.02,13524.27,35738.27
2021-07-26,14836.24,2835.22,4390.08,12680.27,32173.76
2021-07-27,19202.02,3725.26,4432.34,13711.21,39201.32
2021-07-28,20854.69,3412.1,4537.58,17254.95,42147.54
2021-07-29,16783.26,3105.94,4408.91,8471.4,33599.15
2021-07-30,23450.07,3253.87,5015.22,17576.09,31684.58
2021-08-02,19888.18,2637.06,4157.7,14349.86,35519.53
2021-08-03,19428.8,2967.9,4674.89,11090.81,26313.23
2021-08-04,22030.13,3036.01,3998.53,11448.22,38428.03
2021-08-05,17244.49,3607.19,3921.09,13974.12,33123.7
2021-08-06,16211.98,3688.41,4448.73,12132.46,33413.8
2021-08-09,26798.22,2490.3,5094.66,14564.29,31318.06
2021-08-10,24225.41,2761.72,4710.85,17489.67,41595.5
2021-08-11,19059.32,2609.9,4936.45,10015.82,41224.95
2021-08-12,15612.65,3568.37,4132.3,13004.31,42063.48
2021-08-13,21039.77,2831.8,4689.36,14788.9,32927.49
2021-08-16,17463.92,3421.63,4800.87,16952.58,36220.23
2021-08-17,15787.66,2514.87,4942.14,11366.49,30280.33
2021-08-18,20486.11,3192.13,4236.64,18029.44,34093.78
2021-08-19,11949.49,2857.14,4211.18,16583.06,32296.7
2021-08-20,18634.41,2783.07,4756.72,16785.1,38846.27
2021-08-23,17868.0,2338.52,4806.46,13430.65,35751.47
2021-08-24,24768.08,3559.14,4406.0,14240.43,32331.95
2021-08-25,18211.12,3341.98,5328.62,18802.82,30603.85
2021-08-26,22701.24,2466.25,4288.56,15880.46,37366.48
2021-08-27,18920.29,3168.7,3365.23,18296.76,33062.32
2021-08-30,19001.17,2435.81,4010.75,13282.78,38665.19
2021-08-31,18888.16,2797.72,4060.21,14497.28,31057.2
2021-09-01,21440.92,3428.05,5149.64,11587.81,35533.03
2021-09-02,22541.92,3444.38,4770.8,14473.47,33819.87
2021-09-03,20065.82,3357.53,4821.83,13671.29,35419.11
2021-09-06,21020.44,3356.58,4851.77,14309.34,37449.33
2021-09-07,17314.92,3443.22,4710.02,14947.82,40101.43
2021-09-08,21436.14,3284.65,4524.49,13551.89,34040.17
2021-09-09,15993.67,2990.22,3729.79,15853.7,28239.21
2021-09-10,22056.16,2889.58,4509.6,12071.35,40386.37
2021-09-13,17718.32,2696.13,4489.53,10749.16,29775.84
2021-09-14,21076.25,3454.65,4476.04,10615.65,33744.27
2021-09-15,21234.06,3040.27,4115.9,13795.96,23554.95
2021-09-16,20579.97,2997.01,5107.21,13271.87,34635.04
2021-09-17,18828.6,2909.47,4761.34,9370.26,36152.13
2021-09-20,20686.17,3226.91,4497.99,16502.74,37093.88
2021-09-21,21388.87,3555.67,4414.85,11084.26,32142.97
2021-09-22,21884.68,3516.76,4633.75,13856.35,28261.53
2021-09-23,18385.91,3924.78,3745.65,12179.44,40821.21
2021-09-24,21461.56,3405.45,4324.05,13179.84,33505.56
2021-09-27,17752.0,2947.72,4451.73,14533.75,34368.42
2021-09-28,18987.96,4501.15,4734.69,8914.52,43798.1
2021-09-29,21761.78,2914.54,4780.46,16483.25,30187.82
2021-09-30,20601.63,3159.29,4093.37,11910.48,31139.68
2021-10-01,20672.63,3492.54,4637.4,15959.84,37240.13
2021-10-04,20353.88,2762.43,4485.97,13652.43,39960.01
2021-10-05,18674.45,2720.94,4585.07,13181.09,28809.43
2021-10-06,24221.99,3167.33,4969.78,17313.2,38143.72
2021-10-07,18538.43,3925.67,4809.46,15622.06,39561.28
2021-10-08,23102.16,4014.9,3723.38,9081.07,34527.08
2021-10-11,19076.51,2833.45,4701.2,12218.64,33919.85
2021-10-12,18233.89,2605.71,4743.03,17075.78,32929.29
2021-10-13,18922.4,2739.05,4278.18,10744.5,36348.36
2021-10-14,25756.6,3315.35,4486.82,11575.23,36130.41
2021-10-15,19028.91,3130.94,4466.9,16314.2,46784.34
2021-10-18,20727.59,3309.35,4615.66,19928.87,35216.96
2021-10-19,24547.02,3763.05,4838.75,13705.32,38872.5
2021-10-20,20845.99,3193.14,4471.41,14297.72,31262.33
2021-10-21,18764.61,2842.96,4680.37,14140.16,33556.92
2021-10-22,18586.08,3277.83,4890.44,15454.58,31490.59
2021-10-25,23167.52,2782.86,3959.08,17281.25,39310.18
2021-10-26,19715.05,2667.25,4399.83,11126.5,37348.63
2021-10-27,19397.16,2766.65,4473.65,11470.35,35935.57
2021-10-28,19636.09,3355.0,3883.84,14700.33,36252.72
2021-10-29,20544.72,3651.53,4890.36,13055.07,32864.68
2021-11-01,20523.45,3054.85,4489.65,14678.13,33224.64
2021-11-02,18468.76,2908.67,5185.35,15196.96,33490.63
2021-11-03,16500.59,3114.93,4846.33,13371.44,39647.86
2021-11-04,23283.49,2414.18,5298.33,13002.91,37946.48
2021-11-05,24252.81,2781.24,4739.22,15319.02,36284.94
2021-11-08,18690.22,2355.24,4403.29,15993.71,38588.92
2021-11-09,19728.22,3371.98,5039.03,15109.59,40516.54
2021-11-10,20704.43,3732.68,5027.93,14914.47,38305.97
2021-11-11,16879.91,3474.24,4376.14,15328.67,39426.09
2021-11-12,19011.98,2932.47,3658.91,12931.66,37820.89
2021-11-15,18573.69,3828.06,5108.83,9999.31,32850.31
2021-11-16,22218.22,3037.29,4847.96,13232.53,34094.3
2021-11-17,19729.09,2750.62,4289.55,14155.87,29394.33
2021-11-18,17914.92,2858.09,4970.59,13192.15,31797.9
2021-11-19,14726.91,3426.3,4309.32,10448.55,33084.48
2021-11-22,20884.33,3370.62,4693.98,12762.87,39504.77
2021-11-23,19013.03,3443.41,4997.36,9854.33,34472.22
2021-11-24,12527.27,3168.19,4077.33,12909.28,39587.87
2021-11-25,18564.04,2894.14,3904.64,11397.48,20999.95
2021-11-26,20916.42,2502.54,4585.25,14555.94,27245.1
2021-11-29,23743.84,2701.61,4459.89,13423.02,36752.86
2021-11-30,22115.86,3153.95,3766.13,13851.27,33977.7
2021-12-01,19500.15,3292.09,4803.85,11687.64,33242.88
2021-12-02,23561.0,2944.4,4967.51,17039.77,39610.49
2021-12-03,16869.02,3360.69,4995.39,12792.23,47069.58
2021-12-06,23623.78,3081.86,3919.97,17276.35,34665.27
2021-12-07,24170.18,2681.33,5128.13,15441.37,35907.86
2021-12-08,22245.1,3805.92,3965.44,17710.55,35752.91
2021-12-09,16248.06,3618.53,4058.06,13345.76,34341.18
2021-12-10,10863.55,3338.11,4920.13,15617.05,31584.06
2021-12-13,25060.98,3170.63,4174.74,14244.72,34060.48
2021-12-14,19452.96,3178.9,3537.53,13820.64,31392.31
2021-12-15,18510.31,3551.75,5190.36,13054.9,34233.51
2021-12-16,19505.99,3264.58,4538.46,11281.78,31818.32
2021-12-17,21912.24,3126.95,4808.53,15396.92,32006.83
2021-12-20,13924.74,3659.13,5177.81,14829.2,37182.68
2021-12-21,21948.09,3320.1,4145.32,13096.05,41601.22
2021-12-22,21875.68,3296.61,5720.25,15145.04,30626.12
2021-12-23,21715.67,2718.13,5091.21,11902.23,31470.15
2021-12-24,21670.58,3507.36,4286.16,16065.4,42189.45
2021-12-27,14157.23,2868.3,4332.11,14249.89,37210.64
2021-12-28,18663.21,3392.98,5072.99,15827.34,36335.48
2021-12-29,23429.34,2782.16,4916.69,11907.69,34505.53
2021-12-30,19846.72,3022.77,4697.88,10122.77,35135.09
2021-12-31,24080.15,4084.36,4860.46,15329.72,30581.23
2022-01-03,21507.13,3539.58,5183.26,17866.96,40937.54
2022-01-04,19265.42,3411.7,4390.16,14134.75,39126.59
2022-01-05,24173.29,2804.74,4790.09,13586.44,34634.21
2022-01-06,23059.11,3176.94,3117.46,16226.66,38025.37
2022-01-07,24976.3,3059.43,3975.08,11537.17,25628.43
2022-01-10,23099.08,3390.78,4475.12,16198.02,37965.98
2022-01-11,16151.59,3105.12,4554.94,16416.44,34419.57
2022-01-12,19838.67,3571.0,3954.06,13682.73,35216.49
2022-01-13,15901.1,3677.4,4910.59,11907.35,31819.94
2022-01-14,15950.27,3314.01,4422.87,13326.74,33971.2
2022-01-17,24257.08,2877.84,4396.67,12555.54,28332.87
2022-01-18,20761.48,3327.08,3728.46,13952.36,38336.23
2022-01-19,19377.14,2237.42,5216.1,14090.34,41390.79
2022-01-20,19912.46,2749.37,4756.8,10841.18,28837.53
2022-01-21,26068.02,2398.16,4847.11,13343.69,39434.78
2022-01-24,23766.88,3691.76,3922.93,12845.75,34898.74
2022-01-25,23766.69,3186.24,4471.18,11791.51,39416.53
2022-01-26,23945.68,2622.57,4770.33,17406.55,30604.26
2022-01-27,20073.73,3566.73,4316.22,15043.89,37325.2
2022-01-28,15941.99,3619.24,5117.55,7651.59,34716.78
2022-01-31,15564.27,3474.74,5298.45,14440.7,35159.51
2022-02-01,23457.62,2863.54,5436.8,10389.21,41463.9
2022-02-02,24301.16,3285.61,4247.3,13204.49,31511.65
2022-02-03,20297.19,3247.89,3854.37,14576.19,38473.37
2022-02-04,20500.64,3034.64,4783.82,12378.93,36622.67
2022-02-07,19856.89,2954.96,3442.48,16166.04,38318.15
2022-02-08,19594.09,3086.61,3794.2,18050.83,38908.81
2022-02-09,21746.58,3010.23,4477.08,12823.03,38980.94
2022-02-10,17497.18,3013.36,3878.26,15468.53,34004.93
2022-02-11,23560.12,2780.88,5209.64,14731.08,33552.16
2022-02-14,18113.55,3400.02,4629.85,14564.15,34890.64
2022-02-15,21427.97,2557.21,4542.45,12011.57,39570.12
2022-02-16,18051.5,3454.03,4700.57,14060.61,33267.4
2022-02-17,20489.93,3495.15,5464.4,11722.8,38131.24
2022-02-18,22022.68,3052.94,4624.34,16809.21,35689.11
2022-02-21,20817.94,3610.33,4630.52,14027.04,37274.11
2022-02-22,22361.77,3376.37,3848.6,13305.73,32639.48
2022-02-23,21010.45,3003.88,4158.62,15615.08,36230.39
2022-02-24,21892.33,2351.22,4557.76,15667.25,43433.18
2022-02-25,16918.66,3077.7,4131.33,13069.76,35651.83
2022-02-28,16254.1,2610.38,5453.55,13559.2,36189.87
2022-03-01,21321.68,3186.45,4827.2,12333.14,38323.41
2022-03-02,18223.9,3562.34,4517.45,15753.38,36938.2
2022-03-03,16727.78,3596.29,4638.31,13780.21,30216.43
2022-03-04,24373.44,3037.25,4608.49,11273.21,27432.32
2022-03-07,19268.29,3600.8,5043.61,13589.38,39519.68
2022-03-08,15288.29,3135.69,4107.19,12736.74,37538.26
2022-03-09,20125.75,2306.65,4620.21,15530.28,27890.46
2022-03-10,21950.71,3486.3,4640.44,10788.52,37499.29
2022-03-11,23707.74,2770.44,5072.24,13055.18,37755.17
2022-03-14,25060.31,2792.59,4580.2,10803.53,31938.95
2022-03-15,22849.13,3432.14,4034.22,14128.04,36565.28
2022-03-16,16096.52,3018.94,4112.78,17202.02,35547.86
2022-03-17,15805.03,2838.55,4904.22,14799.29,32018.4
2022-03-18,19678.77,3026.3,5247.48,12784.66,35057.08
2022-03-21,25745.95,3031.08,5280.16,14279.6,27724.61
2022-03-22,19463.09,3472.72,4963.36,15459.64,38179.3
2022-03-23,23568.48,3660.91,4735.3,14284.69,35178.17
2022-03-24,23945.33,2880.51,4160.22,12403.24,34641.07
2022-03-25,15417.76,2626.88,4873.85,12327.69,36705.55
2022-03-28,19086.82,2865.5,3756.51,12978.83,35233.57
2022-03-29,19566.27,3570.1,4975.78,13633.65,33874.12
2022-03-30,20133.33,3446.13,4114.59,11727.63,35262.56
2022-03-31,20026.88,3069.8,4673.91,15997.32,32984.75
2022-04-01,18536.87,3349.97,4249.86,10579.34,37446.0
2022-04-04,18602.47,2916.16,4938.65,16769.4,41854.09
2022-04-05,21847.93,3186.14,4830.32,16516.89,34002.84
2022-04-06,21163.32,3369.22,4169.76,17784.51,29252.54
2022-04-07,19965.22,3276.33,5312.17,15166.63,30794.21
2022-04-08,14940.66,3918.58,4176.95,14071.77,31823.11
2022-04-11,21762.28,3480.38,4719.35,11987.11,31495.5
2022-04-12,19997.52,3709.3,4995.98,15117.87,34464.2
2022-04-13,22518.56,3511.25,4621.21,14449.44,36637.57
2022-04-14,20589.05,3232.39,4166.75,13813.96,29376.54
2022-04-15,19737.21,3420.53,4363.21,13429.96,39023.4
2022-04-18,19667.9,3537.94,4029.22,12631.76,32062.22
2022-04-19,20625.47,3699.35,3853.44,12250.92,37356.11
2022-04-20,23394.1,3968.27,4429.09,17092.02,34573.75
2022-04-21,18432.3,2988.56,4014.43,18177.76,28063.14
2022-04-22,14485.52,3044.27,4507.03,11344.34,35207.89
2022-04-25,20612.97,3472.94,3749.01,15359.43,33806.83
2022-04-26,15922.92,2994.55,4676.55,16137.49,31632.69
2022-04-27,18808.16,3681.06,3521.02,10466.64,27940.45
2022-04-28,18955.21,2985.5,4595.1,13786.92,34724.45
2022-04-29,21500.12,3885.38,4850.39,16409.27,39934.69
2022-05-02,25972.15,3145.97,5145.42,11683.01,34776.93
2022-05-03,20256.48,3178.89,3722.44,12709.48,31229.92
2022-05-04,18615.86,3299.93,5134.27,15499.6,37804.33
2022-05-05,21209.65,2627.29,4493.98,13993.24,33777.16
2022-05-06,17215.61,3700.15,3795.81,11731.78,37093.59
2022-05-09,20649.08,2963.87,4864.35,14679.65,28422.63
2022-05-10,18814.5,3155.45,5205.58,15579.01,24178.73
2022-05-11,27280.13,2883.45,4565.51,14314.09,32533.91
2022-05-12,17320.49,2991.56,4069.4,15313.87,28993.31
2022-05-13,19159.68,3409.89,4300.16,18040.3,39353.28
2022-05-16,23118.78,3430.55,4023.7,13960.77,27830.01
2022-05-17,16029.61,3122.92,4406.43,13987.64,34364.56
2022-05-18,19167.82,3928.57,3616.11,16195.36,30080.35
2022-05-19,18086.16,3571.8,4340.9,13344.71,31563.03
2022-05-20,12599.04,3113.31,5623.72,15639.56,37091.1
2022-05-23,17074.74,3414.63,5675.86,13185.19,28277.48
2022-05-24,19622.89,2943.53,4655.79,16402.58,35289.63
2022-05-25,17874.84,2474.95,4700.68,17007.93,43371.16
2022-05-26,12583.05,4143.11,4805.63,11095.07,36383.12
2022-05-27,13633.04,3190.21,4360.02,13204.59,32369.15
2022-05-30,20222.13,3308.27,4375.08,16405.33,39090.24
2022-05-31,21492.8,3988.87,4470.69,14792.0,31256.45
2022-06-01,19538.79,2840.3,3962.16,11256.91,41619.88
2022-06-02,25401.37,1932.66,4425.01,13118.17,34174.28
2022-06-03,15432.09,3535.08,3681.71,15655.37,31098.8
2022-06-06,24888.3,2713.63,5297.02,11540.68,27076.15
2022-06-07,19510.74,3183.98,5258.56,15723.46,38275.93
2022-06-08,23752.1,3928.03,4905.69,16671.46,30282.05
2022-06-09,16581.96,2646.65,4808.94,14712.28,33343.99
2022-06-10,15137.23,3258.71,3362.47,14226.38,46332.94
2022-06-13,21145.82,3180.82,4106.7,17221.34,32863.77
2022-06-14,20135.11,3392.43,4818.62,14550.87,33143.5
2022-06-15,11573.64,3533.83,4008.12,10607.34,29546.73
2022-06-16,16856.55,3031.96,4216.84,14258.07,34920.2
2022-06-17,20599.42,3138.54,5283.72,10959.63,32748.89
2022-06-20,16341.35,2744.8,4899.12,16149.62,35465.44
2022-06-21,18189.24,3604.04,4531.68,13445.72,30048.96
2022-06-22,21329.58,2713.24,4949.31,18321.22,26917.02
2022-06-23,22378.3,2404.09,4234.77,11325.65,39107.27
2022-06-24,20919.97,2940.65,4656.99,16838.92,38746.87
2022-06-27,18977.55,3045.84,3418.05,13014.72,33697.03
2022-06-28,10515.86,3326.49,4753.77,9854.1,33098.22
2022-06-29,21157.83,3795.8,3693.26,15022.12,37121.14
2022-06-30,18790.07,2579.79,5091.48,15883.05,33753.35
2022-07-01,21793.09,3872.87,4057.2,15226.98,34646.2
2022-07-04,23489.61,2790.84,4634.6,12266.71,38758.08
2022-07-05,21322.87,2632.51,4464.92,10814.44,40989.8
2022-07-06,21581.75,3124.55,5694.21,9943.25,31510.83
2022-07-07,25910.66,3268.42,3703.14,15981.87,30366.69
2022-07-08,18856.98,3123.56,4952.13,12330.78,31435.96
2022-07-11,17926.44,3359.79,4542.63,13534.21,27942.37
2022-07-12,26133.18,3399.43,5260.72,16581.14,31936.27
2022-07-13,18126.97,2850.05,4299.83,17297.45,42735.87
2022-07-14,22468.91,3638.26,5324.69,14843.06,37700.88
2022-07-15,19228.29,3152.89,4942.82,12578.08,32777.43
2022-07-18,25244.39,3326.95,5067.8,16899.98,32362.47
2022-07-19,20970.86,2511.87,5063.88,13366.96,36297.71
2022-07-20,21514.06,2805.83,3778.54,11470.65,33577.46
2022-07-21,20405.27,3174.8,3882.24,11122.54,33592.38
2022-07-22,20792.58,2887.96,4698.67,9036.86,38969.49
2022-07-25,18107.32,3909.41,5273.76,12843.85,39234.38
2022-07-26,17957.1,3187.11,4150.64,16464.73,41069.37
2022-07-27,16574.92,3604.72,3788.82,14927.34,30804.16
2022-07-28,20590.54,3403.38,3606.71,11549.8,34090.29
2022-07-29,20801.01,4177.86,3917.12,14977.63,35322.65
2022-08-01,26536.78,2840.62,4378.52,14004.95,33716.25
2022-08-02,17711.6,3834.47,4813.35,10779.71,41450.1
2022-08-03,27817.03,2997.58,4518.36,12396.34,34707.54
2022-08-04,21447.69,3423.17,5415.21,15416.51,34051.34
2022-08-05,22341.89,2679.04,4486.52,13664.75,33652.58
2022-08-08,17757.04,3244.79,4141.41,13587.45,30587.98
2022-08-09,16779.54,3081.15,4214.99,11214.76,39716.64
2022-08-10,24624.36,2940.02,4278.55,13319.07,36172.91
2022-08-11,24621.19,3216.03,4936.99,15023.1,39871.14
2022-08-12,22176.87,3087.32,4355.27,14972.3,33743.19
2022-08-15,20577.02,3800.38,3642.16,15239.39,34503.45
2022-08-16,17425.3,3522.4,4639.04,9256.96,35039.33
2022-08-17,19059.34,2734.09,4608.44,15330.29,31175.37
2022-08-18,20869.52,2595.72,4072.23,14901.48,33153.76
2022-08-19,22325.17,3414.36,4851.3,11504.98,33008.01
2022-08-22,15251.02,3215.27,4697.22,12735.45,41160.96
2022-08-23,23409.55,3301.88,4680.56,12310.84,29639.29
2022-08-24,17962.56,3775.8,5033.85,19576.28,35938.62
2022-08-25,22041.15,2825.33,4255.37,19572.56,31564.83
2022-08-26,20184.07,3325.01,5056.64,13582.44,37372.04
2022-08-29,20165.35,3449.7,4957.51,10063.61,27211.0
2022-08-30,18129.13,3440.93,4513.86,16251.73,37618.26
2022-08-31,20926.25,2880.99,3297.84,12319.18,39296.48
2022-09-01,19845.67,3312.25,4203.26,14577.21,24581.94
2022-09-02,17522.02,3405.5,4413.73,13721.61,37750.95
2022-09-05,14896.95,3714.61,5090.73,13380.01,35185.58
2022-09-06,18453.98,2607.41,4535.71,13749.15,29423.18
2022-09-07,22760.97,3704.92,4323.49,15704.65,38612.01
2022-09-08,26751.62,3238.33,4370.48,12620.65,36362.87
2022-09-09,20212.08,3012.15,5040.98,15942.18,33176.51
2022-09-12,18827.55,3682.92,4698.93,11876.6,39032.83
2022-09-13,29152.4,2450.3,4870.33,13008.91,41356.12
2022-09-14,19670.35,2882.82,4325.78,12123.7,29876.26
2022-09-15,17777.19,2555.86,4070.59,14331.24,36138.18
2022-09-16,20766.11,2469.87,3694.46,15944.43,44289.07
2022-09-19,21755.86,3280.55,4267.4,12319.63,37261.37
2022-09-20,18032.3,3278.77,5170.78,13647.03,37496.36
2022-09-21,19187.32,4050.68,4313.57,13347.84,40659.9
2022-09-22,23090.57,2720.45,4409.02,13695.69,35986.57
2022-09-23,23679.18,2533.84,4197.94,12725.18,38189.62
2022-09-26,19973.07,3224.66,4513.07,12952.68,32597.97
2022-09-27,20618.76,3481.34,5074.27,14705.25,31342.74
2022-09-28,22129.07,2952.45,4633.69,15435.94,38456.66
2022-09-29,18833.85,2640.15,4567.43,13289.7,33662.4
2022-09-30,18523.36,3934.64,4382.55,14262.53,36009.03
2022-10-03,14927.4,3026.63,4421.33,12996.82,32421.61
2022-10-04,22898.68,2597.95,4232.57,14522.31,35312.43
2022-10-05,24320.81,4034.9,4319.36,15673.25,36760.62
2022-10-06,21837.08,3249.33,3920.71,9408.11,30808.66
2022-10-07,18117.63,3484.6,4547.59,13075.88,38302.78
2022-10-10,22576.49,4278.41,4926.33,12753.74,35220.33
2022-10-11,19690.77,2990.13,4519.96,11603.09,35235.17
2022-10-12,20272.73,3140.53,5207.88,13217.73,40613.17
2022-10-13,19544.14,2806.16,3489.57,14186.01,44734.42
2022-10-14,22664.32,3177.92,4361.3,11446.22,32464.18
2022-10-17,22290.11,4338.85,4244.86,11701.56,37637.88
2022-10-18,24777.83,3114.12,4735.56,14412.8,34939.89
2022-10-19,21047.58,3113.65,4109.03,16488.74,42703.75
2022-10-20,20132.97,3281.19,4583.43,15110.35,40909.22
2022-10-21,22291.44,3128.75,4411.66,16762.88,36907.03
2022-10-24,23206.04,3521.0,4286.43,14789.24,35871.0
2022-10-25,23910.46,2785.58,4142.9,12984.98,37534.64
2022-10-26,16550.84,3520.83,5185.82,14279.94,35866.36
2022-10-27,19320.86,2839.95,4482.42,14634.12,34410.52
2022-10-28,20325.08,3467.24,4424.22,13063.43,34530.06
2022-10-31,19226.08,4013.05,3566.62,14227.82,38142.01
2022-11-01,21663.19,3188.81,4612.56,16296.16,39593.64
2022-11-02,17977.49,2906.44,5089.31,14148.47,29747.4
2022-11-03,18929.47,2337.17,4961.54,16120.46,31008.3
2022-11-04,21074.96,2942.32,5278.47,9699.79,33914.98
2022-11-07,23356.95,3340.33,4367.12,13520.25,38781.58
2022-11-08,17859.66,2790.15,5661.29,15666.45,36950.47
2022-11-09,23469.42,3198.09,4970.54,14931.42,33519.11
2022-11-10,21608.77,3698.3,4561.24,16670.88,36679.57
2022-11-11,20885.05,2594.47,3934.11,14899.08,27968.04
2022-11-14,19936.49,3442.86,4434.27,17423.3,29402.62
2022-11-15,22775.03,3307.8,5024.4,12908.54,37099.62
2022-11-16,19059.78,2908.09,4991.25,13996.73,36258.22
2022-11-17,21135.79,3579.42,5108.12,16589.31,35473.25
2022-11-18,21491.64,3145.14,4263.94,12138.86,32271.16
2022-11-21,20039.38,3352.39,4597.39,11967.16,30580.55
2022-11-22,20150.05,3332.26,4484.83,16622.98,31543.52
2022-11-23,17488.45,2813.59,4561.49,17266.85,34173.66
2022-11-24,21280.84,2980.6,4163.55,10117.14,33250.83
2022-11-25,20310.86,3527.18,4455.33,16059.14,35912.28
2022-11-28,19762.33,2509.91,4490.89,13059.59,36933.18
2022-11-29,25335.3,2774.52,5387.93,14260.91,36524.82
2022-11-30,23283.39,3040.73,4229.89,17090.02,40399.11
2022-12-01,21556.02,2693.92,4562.66,15810.24,35668.82
2022-12-02,22476.73,3738.55,4762.07,18388.99,45772.08
2022-12-05,22123.99,2919.49,4403.69,12552.83,33330.01
2022-12-06,19207.24,3513.57,5323.46,18770.99,39166.41
2022-12-07,15866.89,3321.91,4130.87,15739.65,37689.81
2022-12-08,17476.98,3565.63,4764.55,17234.69,36616.37
2022-12-09,21318.65,2903.15,4939.96,16118.1,42996.61
2022-12-12,19553.47,2793.05,3660.95,16556.6,43322.07
2022-12-13,20130.37,3059.48,4785.44,15364.75,35287.22
2022-12-14,17388.71,3656.77,5296.9,13441.19,33970.01
2022-12-15,17651.2,2388.8,4153.75,12968.37,35224.49
2022-12-16,20056.95,3784.28,4375.84,14085.55,26740.81
2022-12-19,20535.81,3104.78,3552.51,11962.41,34614.2
2022-12-20,26867.21,2467.87,4627.22,14382.39,29784.58
2022-12-21,19993.4,3239.99,4721.82,14498.92,34045.38
2022-12-22,20206.85,3502.94,4497.1,13322.01,36855.84
2022-12-23,17717.15,3074.15,4591.53,15521.85,31056.23
2022-12-26,17806.63,3440.43,5078.05,13715.87,30104.34
2022-12-27,23032.23,3426.5,4734.25,13290.52,36629.38
2022-12-28,16283.5,2806.64,5007.1,14768.9,35603.21
2022-12-29,22070.5,2254.99,4425.57,17023.77,39730.66
2022-12-30,17482.09,2587.22,4308.61,13470.17,42698.53
2023-01-02,23470.81,2633.33,4146.8,16986.51,35665.66
2023-01-03,15164.02,3334.8,5132.77,9090.95,33727.13
2023-01-04,15156.65,3652.87,4089.04,9203.05,24588.49
2023-01-05,15570.62,2532.03,3824.69,14118.12,31738.91
2023-01-06,20785.86,3365.31,4544.25,14304.33,35824.74
2023-01-09,20929.5,2983.98,3929.91,15263.12,38249.95
2023-01-10,19944.76,3177.44,4662.86,10520.46,34145.15
2023-01-11,17882.24,3511.77,5324.72,10370.64,23032.3
2023-01-12,14579.51,4014.82,5082.56,16610.15,28757.1
2023-01-13,24146.48,3196.97,4315.92,12607.45,30353.07
2023-01-16,22448.71,3331.94,4427.66,16011.04,34948.64
2023-01-17,24696.49,3239.62,4289.2,10853.31,32666.11
2023-01-18,25166.12,2985.63,5472.83,13777.1,36434.67
2023-01-19,23956.8,3297.44,4628.72,15208.24,33271.26
2023-01-20,16702.07,2828.61,3960.81,11916.16,32778.01
2023-01-23,21189.6,2964.73,4110.64,11226.2,38699.06
2023-01-24,16461.51,3301.71,4204.79,12652.73,34303.35
2023-01-25,24816.4,3404.24,4892.88,11304.71,41704.63
2023-01-26,16079.91,3784.66,3376.51,15705.66,30089.81
2023-01-27,17488.2,3214.38,4326.67,11389.94,36505.27
2023-01-30,16068.21,2851.83,4580.21,13229.36,36755.82
2023-01-31,22569.12,2903.96,4169.7,15547.56,38020.52
2023-02-01,27625.7,3256.34,4203.76,13079.08,36562.32
2023-02-02,22248.93,3259.64,4310.36,15315.92,38739.5
2023-02-03,24834.33,3200.0,4330.5,15764.77,29362.77
2023-02-06,22690.69,2954.31,4636.26,12718.7,38324.63
2023-02-07,21511.32,3213.67,4698.73,11865.91,31571.18
2023-02-08,15467.01,2612.73,5380.38,14245.15,36823.6
2023-02-09,24146.75,3368.79,4338.59,14258.44,35698.53
2023-02-10,19027.71,3481.59,4455.49,12028.94,32234.57
2023-02-13,20152.19,3488.73,5207.63,11921.39,37878.5
2023-02-14,21933.59,2394.74,4545.14,12835.45,35658.66
2023-02-15,19653.33,2987.19,4608.38,13610.9,35085.71
2023-02-16,20316.35,3885.03,4158.61,11077.15,42217.89
2023-02-17,16129.86,3215.22,5293.43,12024.53,32019.18
2023-02-20,25231.1,2794.3,4897.94,12398.42,34874.9
2023-02-21,23451.73,3201.12,3835.35,14108.09,35252.33
2023-02-22,20759.71,2795.35,4998.52,12444.2,37070.42
2023-02-23,18134.06,3871.92,4473.72,15133.62,34060.77
2023-02-24,18561.95,2366.41,4889.19,12101.28,34381.96
2023-02-27,20921.27,3540.92,4064.92,14117.04,42147.23
2023-02-28,21946.0,2957.2,4248.94,11020.33,36923.86
2023-03-01,16798.1,2627.6,4809.58,12685.73,33716.56
2023-03-02,15137.05,2918.88,5197.23,12297.4,29790.21
2023-03-03,19775.27,3628.47,4574.95,11000.55,36284.53
2023-03-06,21372.56,2494.79,4243.29,12132.22,26584.61
2023-03-07,16965.72,2970.63,4479.83,14615.17,43104.17
2023-03-08,18731.19,2641.58,4085.57,17583.95,31078.35
2023-03-09,20714.89,3296.55,5487.61,13091.89,38119.55
2023-03-10,18312.73,3119.4,4380.03,14266.58,39715.73
2023-03-13,21885.91,3022.4,4019.99,13284.72,38844.11
2023-03-14,18532.11,3244.27,4833.95,13352.37,34667.44
2023-03-15,18802.02,3005.11,2861.03,15730.88,36326.27
2023-03-16,19215.58,3241.64,4593.07,14751.2,36731.57
2023-03-17,18660.67,3448.26,5557.03,12456.98,40375.42
2023-03-20,19190.73,3217.38,4543.49,13166.9,31990.19
2023-03-21,15878.94,3067.26,4534.75,15171.33,33919.04
2023-03-22,21479.57,3326.14,4863.8,15831.02,32979.73
2023-03-23,17673.46,3319.5,4804.4,13409.76,33318.57
2023-03-24,24028.19,3548.35,4068.33,10454.73,40520.26
2023-03-27,17674.77,3852.48,4067.54,15813.81,36404.2
2023-03-28,22903.78,3381.92,4617.74,16210.22,35536.45
2023-03-29,20813.35,3398.19,5105.96,12895.43,34427.97
2023-03-30,20320.77,3083.03,4070.08,12814.2,38885.3
2023-03-31,17588.68,3132.84,4632.31,13840.61,40440.75
2023-04-03,16170.86,2406.28,5222.27,13112.64,36072.13
2023-04-04,19581.57,2901.92,4676.52,14488.41,30754.19
2023-04-05,22355.09,3096.19,4518.29,14720.33,35162.63
2023-04-06,20635.28,3095.75,4060.29,14391.48,36432.39
2023-04-07,22914.06,3060.2,4704.1,13751.24,28885.79
2023-04-10,19855.1,2283.46,4235.61,13708.38,45296.22
2023-04-11,17695.48,2923.79,4207.93,15583.93,32749.52
2023-04-12,18516.5,2850.97,4801.53,13699.2,25944.44
2023-04-13,22759.93,2999.51,5639.63,12729.83,33057.62
2023-04-14,15515.98,3640.32,3705.97,14240.11,36073.2
2023-04-17,17240.56,3359.83,4691.74,10866.82,31967.82
2023-04-18,17968.5,3063.24,5042.6,14656.06,24810.84
2023-04-19,19495.43,3445.08,3827.95,17123.5,33252.18
2023-04-20,17156.4,3292.61,4709.59,15512.1,37516.82
2023-04-21,23725.89,2857.59,5131.93,15951.4,27542.48
2023-04-24,20374.12,3528.6,4219.7,13147.02,33609.12
2023-04-25,21859.86,3384.97,4473.26,14978.85,35154.95
2023-04-26,17219.41,2239.28,5089.86,13454.7,42328.55
2023-04-27,20713.53,3620.5,4552.91,11693.44,33648.07
2023-04-28,19206.79,2695.22,4408.51,14601.16,39576.98
2023-05-01,20742.56,3291.38,3648.39,16564.34,35286.93
2023-05-02,17887.44,3162.3,4298.67,13244.06,36178.89
2023-05-03,19296.31,3554.46,4013.96,15889.05,39831.33
2023-05-04,19919.42,3441.27,4938.95,13913.31,28866.76
2023-05-05,22053.37,2650.64,4475.99,11487.83,32611.63
2023-05-08,18125.82,3127.46,4527.28,15254.13,39627.38
2023-05-09,19313.17,2917.95,4473.38,14986.87,37710.51
2023-05-10,18189.58,2564.11,4738.03,13939.47,36641.38
2023-05-11,22182.33,3222.96,4273.0,16485.88,39171.09
2023-05-12,19155.15,2796.81,4736.38,13347.71,33082.66
2023-05-15,16413.0,3578.03,3989.97,15720.84,31525.55
2023-05-16,20455.25,2887.25,3935.35,12502.42,31029.31
2023-05-17,18695.82,2798.81,4217.17,14090.55,39503.36
2023-05-18,24524.85,2918.81,4552.07,16206.47,41723.26
2023-05-19,20706.52,3116.53,3812.97,17415.2,33758.3
2023-05-22,19018.88,2603.22,5304.01,13848.41,39826.55
2023-05-23,17610.49,3190.38,4253.22,14898.84,28965.78
2023-05-24,18802.0,3188.97,5297.15,14351.79,34188.36
2023-05-25,18928.11,3492.61,5259.41,15653.29,25860.56
2023-05-26,17451.0,2632.28,5069.87,13737.01,36787.73
2023-05-29,19581.27,3125.64,4006.92,15875.66,37256.29
2023-05-30,28398.0,2621.62,3683.93,14221.76,33257.47
2023-05-31,20306.47,3102.28,4530.31,12937.96,33860.25
2023-06-01,21207.62,3441.09,4518.08,9591.95,36416.76
2023-06-02,18896.04,3471.32,4772.45,16110.46,34948.72
2023-06-05,21218.85,3432.55,4054.86,13497.29,32940.33
2023-06-06,21695.78,3385.2,4289.06,13657.26,39589.37
2023-06-07,17770.94,2596.54,5070.91,11587.12,36175.92
2023-06-08,17821.38,3632.06,4567.82,16596.89,35429.76
2023-06-09,22397.3,2925.99,4966.65,16414.07,39548.81
2023-06-12,22239.01,3523.0,4775.81,15188.69,38052.69
2023-06-13,20369.05,3756.94,4483.74,15485.06,32739.49
2023-06-14,20651.37,3654.15,3991.63,17003.91,37858.26
2023-06-15,17323.21,3110.09,4159.46,12527.46,40693.59
2023-06-16,22121.18,3777.58,3892.36,13800.52,34090.26
2023-06-19,14916.29,3155.06,4968.22,13529.0,37241.49
2023-06-20,23899.74,3106.17,4137.47,12035.97,35083.49
2023-06-21,24744.78,3438.03,4208.44,16249.91,31325.35
2023-06-22,15671.1,3053.82,4429.62,14674.18,29318.33
2023-06-23,13098.12,3089.26,4233.86,12299.67,35300.36
2023-06-26,18167.9,3191.69,4548.95,14655.6,31893.01
2023-06-27,16223.75,3137.99,4883.37,18038.41,34245.14
2023-06-28,15040.34,2818.95,4337.15,14273.58,32858.56
2023-06-29,15448.69,3381.58,4138.68,12757.36,38476.8
2023-06-30,26753.06,3431.32,4647.34,11652.52,35369.26
2023-07-03,21728.65,3147.62,5628.15,13447.18,42371.78
2023-07-04,20178.86,3020.67,4367.15,13744.15,34464.66
2023-07-05,19441.87,2643.42,3822.18,13696.77,38260.73
2023-07-06,18370.23,3382.09,4508.66,16366.76,32813.82
2023-07-07,17809.57,2952.71,4098.89,15365.9,37255.32
2023-07-10,18536.27,3169.74,4847.95,12951.66,31018.5
2023-07-11,18450.05,2866.66,5197.44,14517.18,42453.41
2023-07-12,22745.19,2639.26,4322.07,16606.17,42280.5
2023-07-13,11927.75,3450.61,4161.99,12744.16,38463.92
2023-07-14,18231.7,2774.34,5118.77,15679.4,33280.59
2023-07-17,21397.49,3818.28,3662.86,14027.24,25191.11
2023-07-18,21186.36,3554.22,5336.71,16496.83,37187.11
2023-07-19,20188.92,2639.58,4950.43,13680.1,40592.51
2023-07-20,19621.43,2604.0,4970.66,13362.78,36290.27
2023-07-21,22638.11,3754.0,3340.06,15946.54,43844.87
2023-07-24,23365.27,3011.38,4640.09,16141.9,36191.35
2023-07-25,22506.66,3349.16,4834.25,14555.09,35419.26
2023-07-26,18222.87,2979.4,4196.93,18311.96,39819.0
2023-07-27,21726.43,2986.89,3975.44,12351.91,44576.12
2023-07-28,20536.25,3310.26,5348.88,14840.38,34594.35
2023-07-31,16902.75,3265.91,3605.84,15045.95,35244.7
2023-08-01,17802.92,2534.01,4329.61,11901.19,34407.8
2023-08-02,17888.58,2590.0,3775.59,12998.05,36244.16
2023-08-03,22499.45,2474.04,5154.6,14522.81,32058.69
2023-08-04,20720.6,4269.13,4587.08,18023.02,31322.94
2023-08-07,22396.29,2956.89,4453.9,13625.92,36912.83
2023-08-08,21175.72,2950.28,4292.49,14620.67,29351.94
2023-08-09,19315.72,2853.65,3848.6,15508.9,32107.45
2023-08-10,19682.78,3418.99,4264.12,12761.28,35406.46
2023-08-11,17457.82,3189.08,4621.15,13801.64,27508.95
2023-08-14,20378.44,3073.13,4402.32,14269.36,39565.01
2023-08-15,17950.01,2721.42,4520.75,15464.49,26514.87
2023-08-16,23784.17,3537.13,4013.22,16252.53,35364.3
2023-08-17,18250.93,3002.45,4256.99,12318.0,38276.15
2023-08-18,23621.8,3460.04,4835.21,10725.82,40524.13
2023-08-21,18486.58,3632.7,4158.26,14052.86,37847.77
2023-08-22,21147.63,2795.81,3914.06,11723.08,33262.98
2023-08-23,18901.89,3312.8,3623.55,11493.97,23801.82
2023-08-24,21638.5,3207.56,4613.8,14205.38,32412.4
2023-08-25,25481.98,2712.52,4214.25,13667.18,29817.64
2023-08-28,17775.97,3299.41,5161.07,15352.47,30381.45
2023-08-29,20117.81,3140.42,4494.61,9696.87,36035.89
2023-08-30,19948.44,3168.01,4115.46,14146.05,30117.98
2023-08-31,21725.64,3274.19,4632.26,12389.59,35665.52
2023-09-01,14752.11,3402.78,4068.06,12197.58,31542.93
2023-09-04,18223.69,2830.46,4337.13,11722.89,29683.18
2023-09-05,14786.62,2493.62,4234.94,14726.69,37380.17
2023-09-06,24472.93,2983.55,4418.31,14404.32,33540.3
2023-09-07,20578.05,3426.2,3605.16,16829.91,34878.23
2023-09-08,17872.16,3119.41,4208.01,18037.37,32756.65
2023-09-11,20435.21,1667.4,4732.26,10388.88,36729.96
2023-09-12,22287.56,3460.87,4140.06,10760.55,39549.22
2023-09-13,16225.93,3491.01,3865.42,14784.85,32485.8
2023-09-14,16352.26,3181.49,4374.79,13953.94,30073.55
2023-09-15,24567.73,2704.08,4339.07,15198.23,43254.77
2023-09-18,20111.54,3205.19,3774.54,14351.71,37952.08
2023-09-19,13125.85,3113.78,4672.04,12959.94,29187.31
2023-09-20,13743.25,3676.78,5184.25,18345.47,34083.86
2023-09-21,15735.97,3475.72,4510.52,10196.13,33498.08
2023-09-22,17196.55,2820.24,4381.46,14274.25,43883.36
2023-09-25,26219.09,2213.39,4024.86,17028.03,40622.62
2023-09-26,18603.57,3199.96,4210.77,13535.7,31468.91
2023-09-27,23575.17,3467.08,3282.5,14682.54,32437.8
2023-09-28,21697.4,3274.36,4117.05,15921.59,25822.18
2023-09-29,17342.76,3821.76,4381.68,15071.96,43436.01
2023-10-02,21709.56,2887.34,4428.24,15046.87,39950.92
2023-10-03,16528.81,3689.75,4745.43,13819.07,34574.4
2023-10-04,19949.77,2948.44,3724.87,13912.07,31713.14
2023-10-05,19917.83,2664.24,4993.25,11384.0,34018.01
2023-10-06,20741.27,3264.58,5171.82,12630.15,35016.49
2023-10-09,18729.11,2872.72,4170.26,12516.38,30571.96
2023-10-10,22859.81,3200.34,4589.65,11776.89,32683.54
2023-10-11,21776.44,3262.76,4043.61,14080.33,35195.47
2023-10-12,20680.08,3005.86,4435.9,11417.87,36404.31
2023-10-13,15885.02,3122.41,4856.12,14075.73,38697.28
2023-10-16,16599.4,2923.42,4715.05,10862.11,32411.53
2023-10-17,19948.62,3106.82,3905.16,13437.93,34854.37
2023-10-18,15852.85,3513.32,5053.72,15792.75,36560.58
2023-10-19,21281.9,3614.08,4634.97,9704.99,36300.68
2023-10-20,17170.49,3019.22,5584.03,16329.34,30916.26
2023-10-23,19078.02,2992.09,4380.5,17821.27,44819.58
2023-10-24,17078.28,3311.86,4261.9,14509.28,24524.85
2023-10-25,22531.13,3472.42,3372.82,13332.79,34073.75
2023-10-26,15805.21,3264.38,4605.04,16481.27,36733.0
2023-10-27,18103.25,3049.41,6101.51,15481.17,32424.33
2023-10-30,18041.82,3517.64,4480.61,17867.09,34024.49
2023-10-31,16453.78,2694.19,4204.83,15640.78,29031.33
2023-11-01,17811.76,3324.91,4384.59,14323.04,35629.66
2023-11-02,24622.42,3047.2,5295.12,12552.16,33342.64
2023-11-03,19854.46,3029.71,4302.35,13766.35,34677.96
2023-11-06,19435.52,3376.85,4207.05,11905.89,30571.78
2023-11-07,19351.85,3198.82,3760.29,12904.7,34189.81
2023-11-08,18611.7,2965.04,4664.62,12936.51,36528.93
2023-11-09,20678.11,3494.81,4956.04,12931.22,38129.03
2023-11-10,22394.0,3610.33,4562.42,14432.43,35339.26
2023-11-13,16885.6,3042.6,3922.37,12918.81,39154.96
2023-11-14,23056.18,3577.72,5022.4,11795.94,35047.35
2023-11-15,21101.74,3181.65,4902.11,11440.74,38993.32
2023-11-16,24166.46,3398.39,4529.89,15122.21,42883.39
2023-11-17,22288.49,3176.49,5127.96,11927.57,30667.57
2023-11-20,19175.36,3212.3,4571.12,13699.26,37875.66
2023-11-21,17807.92,3118.3,5590.8,14807.17,39578.19
2023-11-22,17816.1,3813.98,5575.25,13028.79,35619.72
2023-11-23,23278.78,3259.09,4646.98,16468.29,29130.76
2023-11-24,13954.47,3958.81,4174.55,10249.03,38583.02
2023-11-27,20972.04,2885.68,5263.39,14337.11,41458.56
2023-11-28,19911.38,2859.0,5134.88,11248.2,38415.67
2023-11-29,22852.85,3742.93,3743.69,12087.38,38806.98
2023-11-30,19494.56,3881.96,5052.24,13475.85,35361.77
2023-12-01,18726.31,3184.07,4557.11,16052.89,29227.7
2023-12-04,19728.55,2204.53,3838.06,11218.96,28687.34
2023-12-05,18493.32,3251.78,4504.84,13552.48,35682.22
2023-12-06,22647.02,3329.67,4906.32,12520.41,29217.17
2023-12-07,24450.32,3310.26,4077.49,15244.59,40280.81
2023-12-08,19428.78,3268.03,5120.06,13844.5,39395.71
2023-12-11,20857.16,3476.49,3700.13,10077.75,30935.46
2023-12-12,17284.01,3437.56,4844.49,12575.18,36533.88
2023-12-13,14630.13,2270.09,4015.88,11935.75,32181.67
2023-12-14,20835.42,3292.18,4213.72,15013.36,36795.26
2023-12-15,16810.38,3634.36,4453.1,15856.78,33915.07
2023-12-18,16490.27,3189.34,3825.1,14952.79,37566.78
2023-12-19,21357.88,2679.56,4760.35,14585.94,28410.57
2023-12-20,17710.97,2625.29,4535.46,12687.59,35775.72
2023-12-21,21690.66,2254.31,5599.94,14070.41,37114.74
2023-12-22,22231.45,3162.49,4824.97,15016.51,28504.87
2023-12-25,15244.01,3247.69,4670.23,12352.8,27845.66
2023-12-26,22235.77,3122.03,4149.97,17458.43,40958.12
2023-12-27,19833.99,2613.05,5116.32,14632.8,31251.09
2023-12-28,20236.53,2813.46,3425.02,13004.59,29905.45
2023-12-29,18318.07,3422.87,3315.82,13984.09,28184.69
2024-01-01,16561.58,2967.01,5017.22,14992.23,46047.31
2024-01-02,19615.14,3389.12,4998.0,15297.17,29607.81
2024-01-03,20791.45,3378.93,4480.96,16344.95,32901.65
2024-01-04,23564.63,4575.15,4029.94,12124.31,30093.07
2024-01-05,19042.67,2883.52,4473.87,11592.73,35448.32
2024-01-08,15627.61,2947.93,4635.98,12120.06,37558.5
2024-01-09,21208.14,3372.07,4019.85,13680.03,38650.99
2024-01-10,21083.59,3167.21,4547.63,13189.08,36737.12
2024-01-11,20513.67,3649.34,4943.69,13575.47,37621.94
2024-01-12,24644.06,3523.68,5710.68,11474.86,29584.67
2024-01-15,16583.42,3445.51,5039.45,15915.86,33921.23
2024-01-16,17201.28,3483.41,4821.42,13082.8,39264.05
2024-01-17,19098.06,3605.18,4962.81,13865.37,41094.13
2024-01-18,23904.89,3176.64,4047.35,12186.72,33078.36
2024-01-19,22154.25,3162.32,5008.21,11818.91,37397.5
2024-01-22,14943.16,2543.52,4594.49,12343.05,35981.91
2024-01-23,22548.82,4091.07,4818.51,14056.86,30149.77
2024-01-24,20021.54,3468.14,3683.32,12487.24,28805.75
2024-01-25,19460.2,3210.31,4228.77,17574.08,32990.96
2024-01-26,20430.83,2896.4,3949.44,16259.67,38632.63
2024-01-29,21727.48,3180.86,4223.48,16506.5,43964.21
2024-01-30,21297.97,3390.06,4283.25,13728.48,37179.19
2024-01-31,21167.59,3563.32,4945.17,10760.75,24938.64
2024-02-01,19292.38,3654.52,5169.73,13392.95,39344.37
2024-02-02,20352.52,3182.52,4398.79,10081.99,42702.76
2024-02-05,20310.91,3258.19,3933.63,18145.44,36658.55
2024-02-06,25575.94,3084.67,5397.51,8161.89,34648.41
2024-02-07,20079.41,3365.9,4249.37,14474.23,38204.3
2024-02-08,21090.09,2099.31,4285.49,17515.63,36526.31
2024-02-09,21255.24,2451.71,4367.69,14037.93,32911.56
2024-02-12,13937.91,2657.76,5161.16,11898.05,37478.63
2024-02-13,21282.88,2949.06,5277.74,12875.65,35227.96
2024-02-14,19468.3,2862.35,4411.49,12492.11,28790.24
2024-02-15,22005.95,3101.81,4524.62,15836.22,31807.43
2024-02-16,24139.0,3606.04,4463.03,15952.53,30501.43
2024-02-19,19647.22,2806.21,5136.15,12868.28,39938.4
2024-02-20,23224.62,3388.65,4453.43,17766.55,39266.66
2024-02-21,17647.76,3671.53,4956.94,14208.75,26923.57
2024-02-22,18621.26,2861.37,4630.6,12953.53,38617.86
2024-02-23,20520.47,3638.67,4962.82,12297.98,37757.42
2024-02-26,23439.06,3518.33,5247.08,14253.41,40647.8
2024-02-27,20470.23,3944.05,4893.26,15551.39,32770.3
2024-02-28,20919.71,3644.74,4019.34,11472.61,38240.34
2024-02-29,23779.93,3553.21,4840.65,11802.56,35810.08
2024-03-01,15287.77,3429.34,4874.33,13210.2,38828.91
2024-03-04,21307.37,3705.93,3639.56,13917.51,24385.02
2024-03-05,17329.85,3509.88,4615.67,14794.07,35772.84
2024-03-06,20388.03,3952.14,4605.2,21186.44,36846.53
2024-03-07,18598.7,3131.46,4694.87,15404.29,29736.38
2024-03-08,18283.95,3550.56,4850.53,12269.2,31404.61
2024-03-11,18827.54,2706.42,4522.68,16124.81,26385.09
2024-03-12,20959.37,2667.32,4294.77,16846.24,27541.75
2024-03-13,24651.05,3204.01,4608.71,13323.0,38612.78
2024-03-14,22123.06,3485.9,5160.98,15709.42,30696.86
2024-03-15,11765.7,3243.83,4529.81,15780.95,39734.67
2024-03-18,22416.71,2714.55,5060.8,11619.2,34702.93
2024-03-19,20119.6,2762.64,4209.15,11061.35,38030.54
2024-03-20,20996.94,3256.96,3748.93,13410.13,30870.75
2024-03-21,15432.08,3592.38,5065.19,13876.27,34586.39
2024-03-22,21203.5,3573.99,5122.82,14419.1,39766.08
2024-03-25,19775.49,3331.11,5306.7,13138.78,38659.66
2024-03-26,21717.32,3223.45,5012.69,10085.17,28868.5
2024-03-27,19517.06,2594.83,4545.98,11359.19,31993.66
2024-03-28,18937.0,3486.62,5077.93,14916.88,42875.75
2024-03-29,12051.93,3597.08,3944.07,16178.22,38551.18
2024-04-01,23439.4,2952.36,4511.0,17675.19,34367.71
2024-04-02,19230.66,2975.92,4710.51,15752.73,34294.84
2024-04-03,17362.31,3526.14,3692.05,8185.15,37834.29
2024-04-04,18424.9,3000.66,4579.76,15016.33,34514.07
2024-04-05,21407.1,3738.21,4701.93,15989.41,32731.05
2024-04-08,21062.46,3417.34,3220.81,15592.84,35614.79
2024-04-09,21755.52,3016.29,4978.83,14442.08,33592.0
2024-04-10,19568.27,2745.4,5208.29,18089.95,33606.39
2024-04-11,20628.17,3445.14,4416.63,18430.8,37048.19
2024-04-12,18148.16,3916.62,4536.02,13168.69,31921.81
2024-04-15,15971.87,3121.76,4651.13,13744.73,43229.67
2024-04-16,17821.73,3952.84,3992.63,15767.33,27965.13
2024-04-17,18234.66,3506.81,4811.58,11967.37,39039.14
2024-04-18,26134.13,3844.06,5025.29,12849.14,30329.02
2024-04-19,18300.24,2773.68,4690.93,16543.52,33956.11
2024-04-22,14492.53,3274.61,4594.16,13325.01,41574.24
2024-04-23,22204.14,3172.43,4294.29,13058.34,40550.28
2024-04-24,21142.87,2671.3,4318.57,15551.43,34546.46
2024-04-25,21340.99,3108.74,4344.14,14897.41,35676.8
2024-04-26,26027.95,3041.78,4602.35,12754.7,34147.4
2024-04-29,17479.34,2845.94,4828.32,12482.33,34257.87
2024-04-30,23582.53,3293.58,5350.88,14765.98,40128.3
2024-05-01,19230.46,3626.42,5038.0,14551.74,39753.89
2024-05-02,23951.3,2611.81,4071.56,15179.85,37074.9
2024-05-03,17882.5,3485.53,4379.9,11337.55,37799.31
2024-05-06,18250.23,3456.66,4991.11,19995.69,30523.25
2024-05-07,22677.47,3172.48,4088.22,12247.86,35317.08
2024-05-08,21316.9,3717.23,4934.35,14596.45,40414.35
2024-05-09,20047.8,2669.08,4049.19,13757.62,33307.11
2024-05-10,26070.18,2976.46,3908.9,15165.36,35302.63
2024-05-13,21517.49,3427.5,4675.33,14452.27,35530.83
2024-05-14,18711.72,2907.36,4430.25,13423.15,33232.13
2024-05-15,20162.11,3584.12,4170.59,14601.59,32900.37
2024-05-16,16276.63,3283.26,4531.39,18395.36,34575.91
2024-05-17,15476.16,2600.32,5020.93,13315.04,40335.36
2024-05-20,19323.87,3602.67,4804.32,15152.04,32981.04
2024-05-21,18305.64,3284.3,4010.79,14133.97,36889.23
2024-05-22,17402.48,3113.21,5045.08,11912.55,27046.8
2024-05-23,19334.41,3658.71,3513.08,13837.95,36303.38
2024-05-24,19617.06,3434.1,5001.77,15486.83,30434.77
2024-05-27,23307.54,3658.02,4376.67,12757.02,35091.79
2024-05-28,20746.7,3616.8,3935.47,14471.68,28448.74
2024-05-29,18960.01,3498.09,4908.84,13600.27,32047.39
2024-05-30,21510.45,3183.85,3774.39,12863.95,31810.21
2024-05-31,18364.73,3188.15,4211.88,16549.64,39448.63
2024-06-03,13575.96,3071.52,4518.04,15313.44,37478.2
2024-06-04,23391.24,3125.12,4575.0,15752.53,30459.21
2024-06-05,17352.38,3949.72,3990.72,11441.65,37318.09
2024-06-06,24792.29,2812.9,4784.66,14262.84,33629.06
2024-06-07,18816.56,3521.01,4999.27,13743.42,35803.2
2024-06-10,19648.33,2699.18,4770.67,14281.54,33524.26
2024-06-11,20654.97,2833.37,4519.05,11160.15,39146.21
2024-06-12,22498.96,3195.92,4842.83,11545.25,38130.37
2024-06-13,24582.67,2855.22,5022.21,16490.47,37571.99
2024-06-14,24754.14,3425.67,4368.54,13001.64,29726.36
2024-06-17,19485.9,3548.51,3845.81,13877.68,38912.92
2024-06-18,20671.88,3361.59,4008.79,12160.54,31701.29
2024-06-19,22659.1,2429.19,4687.09,18926.15,36423.6
2024-06-20,26904.03,2654.99,4279.03,17618.74,35264.75
2024-06-21,17845.92,2620.21,4527.9,14177.47,31141.1
2024-06-24,18545.96,2858.42,4192.34,13450.59,42313.1
2024-06-25,18635.08,3552.98,4733.85,15706.06,34000.42
2024-06-26,18817.79,3622.88,4272.85,12108.42,35886.69
2024-06-27,19798.62,3238.89,3952.35,15483.66,36411.03
2024-06-28,21999.51,2461.28,4266.96,13465.89,33629.03
2024-07-01,15997.0,3674.58,4695.11,13005.76,34009.82
2024-07-02,17366.37,3556.34,5226.82,10898.23,38064.13
2024-07-03,19524.34,3826.64,4682.23,12318.44,30415.94
2024-07-04,21693.59,3102.82,5077.64,11596.15,31558.2
2024-07-05,16093.89,3383.62,4026.74,13750.69,41450.86
2024-07-08,22947.16,3565.42,4385.84,12070.27,34499.55
2024-07-09,16677.88,3985.68,4391.99,13114.41,32835.43
2024-07-10,24396.57,2786.8,4162.5,14006.95,31938.7
2024-07-11,25010.79,4004.93,4906.71,14962.4,38786.13
2024-07-12,20545.41,2609.31,4679.5,14926.03,33099.62
2024-07-15,18216.43,2447.72,4017.27,12021.41,31705.84
2024-07-16,22077.45,3118.9,4308.97,14724.95,43617.61
2024-07-17,22149.18,2853.63,3926.73,13472.57,37773.47
2024-07-18,17305.36,3244.43,5043.58,16262.74,38119.22
2024-07-19,19082.85,4091.97,3930.38,12268.31,33122.02
2024-07-22,21616.45,4146.88,4989.49,15187.08,39091.47
2024-07-23,19467.16,3646.4,5113.65,17496.77,39853.03
2024-07-24,20746.21,3211.29,5501.3,17302.18,39277.94
2024-07-25,24743.42,2795.5,5069.72,14663.7,33159.03
2024-07-26,21978.34,3604.16,4923.2,13517.51,29861.66
2024-07-29,16659.41,3596.91,4326.53,12668.86,31227.21
2024-07-30,12890.37,2520.56,4448.03,14943.86,42945.75
2024-07-31,20535.4,3469.7,3929.0,14072.91,37096.99
2024-08-01,16911.73,2780.4,5041.57,16231.49,40630.71
2024-08-02,21531.99,2379.05,5264.99,15384.53,29296.58
2024-08-05,15353.89,3307.19,4651.68,14951.82,30439.28
2024-08-06,18806.2,3320.12,4294.85,13575.57,40220.11
2024-08-07,24724.62,2717.78,4278.46,14841.59,35359.07
2024-08-08,20287.88,3481.3,4134.41,14354.47,33822.49
2024-08-09,16150.37,3156.22,4137.39,14482.08,33584.6
2024-08-12,16792.68,3199.14,4402.52,13395.71,37259.1
2024-08-13,13532.77,3326.24,4428.78,13292.48,38374.08
2024-08-14,15700.16,3389.68,4240.22,15716.31,29863.51
2024-08-15,25561.51,3769.64,5041.21,14167.08,37892.73
2024-08-16,21859.71,3036.8,4913.71,9346.41,34233.11
2024-08-19,17198.07,3561.11,5073.46,14857.4,31659.06
2024-08-20,18449.63,2642.61,5122.72,16984.84,40353.67
2024-08-21,18435.29,3176.11,4449.48,13208.78,34658.87
2024-08-22,17565.15,2870.47,4145.01,13483.81,40135.08
2024-08-23,15881.99,3582.97,5312.64,14867.63,37078.84
2024-08-26,24098.83,2505.9,4923.61,17536.99,34765.18
2024-08-27,27590.07,3388.26,4845.32,12924.13,37665.54
2024-08-28,24173.19,3291.6,4348.38,11742.54,37553.62
2024-08-29,22180.82,3196.17,4035.85,17248.05,34116.16
2024-08-30,27479.22,3455.22,4912.56,12088.36,41389.0
2024-09-02,16184.72,2931.06,4673.53,12750.58,35082.33
2024-09-03,13334.16,3117.78,4509.27,14413.92,29803.48
2024-09-04,15450.71,3492.51,4343.3,12934.72,33213.8
2024-09-05,22563.48,3601.37,3533.54,13146.02,37809.78
2024-09-06,22432.89,3351.16,4856.18,14566.87,40116.45
2024-09-09,19589.14,3993.43,4875.02,17615.22,31266.81
2024-09-10,23954.1,2918.44,4700.85,14689.6,35103.37
2024-09-11,19788.92,3458.91,4282.18,15672.43,33195.78
2024-09-12,17265.25,2537.04,5339.72,17236.7,32720.89
2024-09-13,19785.47,3127.69,3669.25,13642.45,33801.07
2024-09-16,15708.12,3191.59,4168.64,14778.97,36694.15
2024-09-17,22123.27,3291.51,5194.95,13153.0,34478.46
2024-09-18,21721.13,3326.9,4719.82,17671.76,32733.29
2024-09-19,18278.28,2926.7,4574.89,12850.99,36060.38
2024-09-20,22675.95,3280.62,4242.11,11616.0,35246.24
2024-09-23,19487.41,3498.68,4690.59,11417.89,41618.83
2024-09-24,17756.79,3138.97,4049.54,12841.77,39599.9
2024-09-25,24381.42,3120.08,4318.26,16068.92,34788.38
2024-09-26,15879.75,2742.79,5228.02,14257.02,34247.92
2024-09-27,22051.22,3258.98,5174.73,9453.92,37212.8
2024-09-30,21501.16,3910.87,4063.94,9975.38,36329.18
2024-10-01,19850.8,3195.05,3715.5,14552.71,34907.54
2024-10-02,17819.98,2546.75,4243.42,11459.08,36613.58
2024-10-03,25080.75,2633.11,4313.41,12097.4,34105.89
2024-10-04,20514.91,2913.67,5150.72,10564.59,30821.87
2024-10-07,21933.18,2918.77,4606.25,12425.39,29654.66
2024-10-08,16879.55,3756.1,4044.11,14673.98,40747.27
2024-10-09,21385.77,3346.13,5106.47,16832.67,35259.42
2024-10-10,18474.06,3326.22,4153.58,11362.63,35988.81
2024-10-11,18912.3,3174.73,3730.92,13168.25,41439.53
2024-10-14,20737.79,3755.59,4063.14,12205.15,38223.99
2024-10-15,19351.43,3014.72,4834.28,12790.09,34121.92
2024-10-16,18338.04,3003.43,4602.31,16061.38,40349.05
2024-10-17,16290.95,2824.53,4010.79,10188.57,29616.46
2024-10-18,23147.06,3277.44,3794.64,12872.24,24515.35
2024-10-21,19732.16,3695.34,4519.66,11115.19,38350.26
2024-10-22,23637.23,3520.38,3521.31,14113.96,22191.76
2024-10-23,17864.68,3907.81,4182.6,9707.03,37904.7
2024-10-24,20021.87,3016.33,4784.96,13706.73,30397.06
2024-10-25,20961.29,3746.91,4786.62,18879.06,30046.16
2024-10-28,18440.35,3769.49,4344.63,16444.75,35453.06
2024-10-29,18331.41,2718.28,4129.2,15422.55,37909.41
2024-10-30,18217.25,3331.08,4495.84,13188.3,33489.19
2024-10-31,21421.17,3284.31,4958.45,14782.56,44959.59
2024-11-01,22847.73,3492.42,5662.67,12215.77,33815.26
2024-11-04,19690.45,3540.86,4338.79,17325.95,35937.02
2024-11-05,22769.47,3657.21,4747.4,14423.06,37791.57
2024-11-06,13037.6,3457.34,4403.5,11791.73,37295.44
2024-11-07,22265.01,2725.14,4690.48,12366.58,36895.48
2024-11-08,18131.3,3107.12,4697.75,15056.62,40379.12
2024-11-11,19389.56,2017.62,4873.01,18211.18,39165.51
2024-11-12,23975.91,3045.89,4064.61,12981.02,32270.85
2024-11-13,23384.0,3024.38,5362.06,11372.61,36527.26
2024-11-14,25350.09,3864.91,5103.48,12819.83,29352.8
2024-11-15,22235.89,3283.49,4083.38,16688.09,33548.49
2024-11-18,20233.39,3261.26,4491.76,15977.47,37033.07
2024-11-19,21373.29,2839.57,4934.73,13627.16,28229.06
2024-11-20,15343.14,3096.91,4989.99,13347.24,40732.03
2024-11-21,26826.34,3267.02,5129.47,14221.45,36798.78
2024-11-22,21477.05,3145.12,4090.07,12782.35,34508.35
2024-11-25,16893.08,3934.59,4062.54,13322.56,39067.23
2024-11-26,24500.49,2800.68,4614.83,17353.59,35914.83
2024-11-27,19230.53,2872.2,4820.35,10640.5,33647.41
2024-11-28,15476.71,3685.52,6016.4,13773.47,31269.2
2024-11-29,17976.13,2922.89,3417.53,11660.66,31087.44
2024-12-02,27528.55,3137.99,4577.16,13860.73,32937.43
2024-12-03,22686.14,3330.73,4550.33,13529.38,29911.29
2024-12-04,16956.5,3337.76,5123.91,13744.8,29273.99
2024-12-05,20878.13,2691.38,4887.28,13594.96,33145.3
2024-12-06,21111.64,2496.9,5036.13,16813.38,39037.89
2024-12-09,19943.41,2995.85,4219.87,16879.62,39153.37
2024-12-10,20046.45,2721.72,3666.38,16091.14,32361.86
2024-12-11,15853.84,2811.09,4265.31,11599.92,30618.97
2024-12-12,21212.9,3138.63,4653.84,11259.64,31222.04
2024-12-13,20277.84,3427.32,4993.24,15154.47,36369.99
2024-12-16,24291.88,3703.72,6204.31,15789.44,42296.74
2024-12-17,24479.92,3286.46,4229.0,11968.71,33058.59
2024-12-18,20149.47,3543.06,4150.07,13514.21,29165.56
2024-12-19,16934.05,2511.7,4778.4,16002.05,32956.38
2024-12-20,17096.8,3871.89,4299.06,9329.52,32809.62
2024-12-23,12337.79,3100.77,4449.25,14530.17,35057.7
2024-12-24,20003.74,3155.49,4904.04,11561.3,31008.53
2024-12-25,19829.36,3428.46,3996.93,14810.33,28477.32
2024-12-26,17873.17,3170.19,4405.14,12740.32,30666.15
2024-12-27,20188.47,3070.16,4806.15,15582.82,37620.88
2024-12-30,24535.07,3577.32,4403.37,14816.72,32250.3
2024-12-31,22366.48,4019.06,4772.58,13902.62,34826.47
2025-01-01,18712.47,3442.69,4529.23,11368.32,48324.18
2025-01-02,23996.45,2708.42,4358.02,15450.16,35307.78
2025-01-03,20245.62,3625.52,4512.06,16019.95,37579.7
2025-01-06,20315.43,2787.05,5032.67,9300.53,31365.1
2025-01-07,23069.06,3561.09,4459.41,15768.47,29798.08
2025-01-08,19466.02,3130.56,5329.57,13628.49,41165.03
2025-01-09,22474.16,3240.62,4098.38,13372.96,31663.83
2025-01-10,18247.48,2489.09,4150.32,13511.23,34527.47
2025-01-13,16707.45,2932.79,5606.19,11751.34,39765.69
2025-01-14,18524.6,3268.67,4403.18,17699.75,40482.16
2025-01-15,21844.66,3975.34,4351.56,12061.57,31627.84
2025-01-16,22329.79,2986.49,5378.08,14972.31,35930.94
2025-01-17,20400.74,3043.25,4327.48,15012.61,32379.74
2025-01-20,23698.35,3264.99,4901.8,17012.18,34144.64
2025-01-21,21831.48,3517.23,5170.74,12047.6,28987.93
2025-01-22,13236.14,3640.52,5435.8,12788.63,36272.93
2025-01-23,22614.02,3129.76,5275.21,13025.03,31347.38
2025-01-24,24630.12,2598.94,5064.66,16226.49,36860.69
2025-01-27,16187.23,3232.58,4341.31,12629.43,32679.64
2025-01-28,12511.17,3294.88,3277.42,12243.43,26070.98
2025-01-29,20685.6,2869.95,3361.07,12823.81,45930.98
2025-01-30,21100.75,3302.01,4189.29,13266.03,32946.62
2025-01-31,17373.71,3335.94,4962.51,11425.41,36718.19
2025-02-03,16530.63,3919.87,3492.24,15433.03,34065.77
2025-02-04,21261.79,2471.65,4480.41,15730.1,28844.86
2025-02-05,22914.33,2531.81,4665.41,15320.1,29677.59
2025-02-06,21415.88,3230.07,4459.58,15416.05,33129.19
2025-02-07,16901.4,2687.01,4549.87,13181.43,35601.01
2025-02-10,20816.19,2869.26,4362.29,17725.64,35404.05
2025-02-11,16758.33,3085.41,5172.45,14094.29,31414.19
2025-02-12,22106.13,3540.28,4300.89,12430.42,39630.67
2025-02-13,23030.5,2978.83,4570.17,12644.14,38436.34
2025-02-14,19764.74,4117.68,3519.72,12405.08,34212.28
2025-02-17,21242.62,3853.45,3935.13,14923.8,29415.27
2025-02-18,21243.13,3180.46,3558.68,16467.67,39726.39
2025-02-19,19317.96,3170.91,4203.92,15014.75,30779.31
2025-02-20,20630.11,3253.28,5755.69,14853.38,31941.29
2025-02-21,22639.82,3090.96,3851.82,14472.2,37377.64
2025-02-24,18171.55,3790.63,4556.08,14218.48,32237.92
2025-02-25,22737.52,3122.51,4021.29,20247.13,34567.71
2025-02-26,19720.27,2767.92,4263.77,14752.12,25038.19
2025-02-27,20017.31,2953.85,4352.28,12976.1,40665.68
2025-02-28,18326.54,2777.71,3753.67,10074.1,36106.21
2025-03-03,18096.09,3424.99,4696.11,10998.06,39972.12
2025-03-04,21019.03,3921.77,3873.81,16491.86,30968.19
2025-03-05,16577.74,3766.27,4708.64,14925.31,38915.72
2025-03-06,14475.13,3436.36,4912.63,16015.97,35787.97
2025-03-07,20646.62,2944.2,5490.86,11496.22,32250.14
2025-03-10,22032.4,2985.67,4832.05,14784.09,32680.39
2025-03-11,22815.4,2851.72,4087.97,14042.95,33070.23
2025-03-12,22265.07,3086.94,6294.5,13502.2,33678.96
2025-03-13,19558.27,3006.27,4943.31,12246.81,36127.39
2025-03-14,17286.39,3355.91,3876.56,12699.67,31774.24
2025-03-17,22538.93,3580.15,4279.61,10964.83,30613.97
2025-03-18,17815.2,2888.95,4076.78,14390.62,34990.86
2025-03-19,24824.45,3069.46,4631.71,13867.33,35967.0
2025-03-20,22394.47,3526.16,4037.3,14224.55,34571.36
2025-03-21,22375.78,2976.26,5224.7,16135.49,41101.9
2025-03-24,20453.57,2766.92,4056.71,16807.17,34331.49
2025-03-25,18412.18,3423.67,5011.65,14278.78,37867.65
2025-03-26,20002.69,2588.63,4480.43,15389.51,36751.07
2025-03-27,25323.45,2483.2,4877.63,11697.41,35263.08
2025-03-28,19703.63,2721.02,3963.34,13306.66,36196.42
2025-03-31,22607.83,3473.97,4239.74,9608.94,39310.72
2025-04-01,15673.42,2940.22,4594.82,15731.67,37596.39
2025-04-02,21419.52,3458.91,4717.23,13507.4,35914.82
2025-04-03,16307.4,2309.63,5183.68,17464.02,32141.98
2025-04-04,18391.81,2484.37,4067.63,14823.91,31779.88
2025-04-07,25121.52,3664.01,3432.66,10444.9,39184.41
2025-04-08,19964.88,2927.45,4081.39,13881.2,37381.49
2025-04-09,20097.05,3545.29,4668.67,13381.86,34294.23
2025-04-10,21713.49,2980.3,3667.87,14541.52,35325.64
2025-04-11,20632.68,3570.68,4166.06,12029.79,35864.2
2025-04-14,23243.73,3770.79,4281.86,13205.14,40050.38
2025-04-15,24852.72,3758.99,4681.03,15289.43,29539.22
2025-04-16,23183.06,3689.4,4077.41,11344.02,33865.15
2025-04-17,23832.78,3604.16,4407.83,13695.36,41847.21
2025-04-18,17356.26,3151.38,4343.92,13227.34,41952.36
2025-04-21,21064.48,2925.73,5392.67,10500.55,36316.73
2025-04-22,19997.89,3210.98,5037.21,16450.98,37611.23
2025-04-23,15416.25,3197.69,4207.83,13054.17,33122.29
2025-04-24,22955.06,4069.21,4986.91,13871.54,33624.5
2025-04-25,18178.32,2754.98,4920.66,14317.72,39698.96
2025-04-28,22822.72,3144.68,4819.89,14040.37,38402.81
2025-04-29,19641.25,3525.41,3996.55,13010.19,29793.56
2025-04-30,17331.66,3151.09,4061.2,17491.46,37117.66
2025-05-01,24277.34,3279.16,4614.66,15159.61,29646.1
2025-05-02,22857.76,3526.09,4738.4,13776.56,34828.94
2025-05-05,15255.31,3407.08,3938.8,12960.22,39047.69
2025-05-06,16782.95,3294.32,4088.28,14389.24,28209.1
2025-05-07,20750.18,2715.43,4049.68,12499.73,18548.39
2025-05-08,19271.33,3880.59,4927.32,13236.9,33505.9
2025-05-09,23679.2,3034.72,3089.74,12718.16,34513.59
2025-05-12,19718.03,3092.4,3681.62,17252.75,35425.96
2025-05-13,15731.13,2588.92,4510.23,15714.46,31925.39
2025-05-14,22006.05,3321.77,4733.44,14315.14,36761.59
2025-05-15,22761.57,3290.35,4114.14,17775.4,36387.59
2025-05-16,20603.0,3516.14,4519.11,14415.98,26296.2
2025-05-19,23787.82,2702.45,4710.78,14990.52,32918.69
2025-05-20,20365.06,3035.07,3770.53,14240.91,37008.93
2025-05-21,21209.46,3769.02,5266.93,12856.62,35650.21
2025-05-22,18003.66,2941.83,5183.52,15681.48,34921.57
2025-05-23,22796.06,3227.43,5149.18,13675.05,31609.45
2025-05-26,17622.28,2581.28,4623.25,14214.79,36621.57
2025-05-27,19082.11,3310.48,3983.24,15153.32,41893.09
2025-05-28,18982.26,2864.22,4180.81,12890.71,35941.34
2025-05-29,17628.81,3365.6,4715.48,13803.53,31798.02
2025-05-30,19834.34,2043.19,5051.8,12526.05,34153.75
2025-06-02,20087.53,2263.52,4256.04,12764.99,33963.61
2025-06-03,22025.6,2978.04,4272.64,12843.04,40343.59
2025-06-04,15937.45,2689.95,3671.98,12394.77,38688.71
2025-06-05,23519.71,2984.37,3872.1,11027.46,34907.84
2025-06-06,23540.13,3282.56,5164.55,13288.64,37791.8
2025-06-09,19982.23,3501.06,5224.84,14740.08,38666.13
2025-06-10,23425.03,3195.61,4664.61,15838.34,35159.89
2025-06-11,15032.99,3076.5,4433.32,15593.67,32318.02
2025-06-12,24106.59,3507.57,5141.8,12084.32,32952.84
2025-06-13,15873.8,2723.3,5636.58,11637.96,34538.81
2025-06-16,22317.41,4001.9,5804.05,11110.59,37123.33
2025-06-17,20347.74,3264.55,4263.34,13318.79,33211.31
2025-06-18,23355.06,3036.52,3894.74,17437.26,33610.44
2025-06-19,20733.7,3223.51,3932.04,15143.41,29300.02
2025-06-20,23571.99,3477.5,4602.2,12908.31,35408.36
2025-06-23,20683.67,3714.59,4331.23,13309.83,37107.58
2025-06-24,19463.23,3007.63,3989.55,13390.51,39477.06
2025-06-25,14780.51,2684.67,4537.53,11629.56,38978.24
2025-06-26,19870.04,3924.54,4287.67,14564.69,38222.11
2025-06-27,17252.87,3033.23,5328.52,17097.16,34638.68
2025-06-30,21578.94,3320.98,3839.83,15298.97,38051.71
2025-07-01,17145.06,3937.85,3911.34,14852.21,35372.6
2025-07-02,23899.7,3466.37,4278.49,14663.84,30039.52
2025-07-03,24176.71,3495.17,4619.57,11225.85,40299.35
2025-07-04,27792.22,3851.24,4556.79,14574.12,38771.21
2025-07-07,24476.49,2943.03,4121.48,19251.79,37975.73
2025-07-08,13118.2,3692.2,4751.39,12204.46,39434.45
2025-07-09,24951.54,3360.03,3452.42,13509.11,30469.81
2025-07-10,15823.04,2654.53,4404.77,14038.35,29142.95
2025-07-11,16625.48,3538.87,4289.49,16341.98,35998.53
2025-07-14,19059.45,3462.14,4205.7,16591.1,27202.71
2025-07-15,18106.59,3290.92,4824.68,11786.86,32076.59
2025-07-16,20965.13,2894.08,4674.74,13477.66,35639.29
2025-07-17,22883.88,3160.62,4665.87,13003.04,36953.74
2025-07-18,17543.07,3127.97,5826.2,15134.78,38587.45
2025-07-21,23473.38,3854.52,5136.16,13352.9,31191.28
2025-07-22,17497.07,2799.37,4508.86,16611.96,40212.29
2025-07-23,17833.07,3408.68,4351.11,11141.14,30953.1
2025-07-24,18406.75,2939.73,3229.98,13032.48,33725.78
2025-07-25,27815.06,2755.02,4602.13,16442.37,33186.98
2025-07-28,21819.32,2718.82,4580.93,12959.87,27655.31
2025-07-29,21300.26,3063.5,4204.18,13876.21,38097.43
2025-07-30,16888.37,3164.38,3846.77,13301.9,30637.07
2025-07-31,17974.28,3046.04,5223.17,12357.94,31296.52
2025-08-01,15567.54,3411.25,4887.16,11908.57,33329.33
2025-08-04,19832.43,3597.31,5154.32,13336.98,35928.36
2025-08-05,19445.12,3413.3,5053.44,12796.0,42039.34
2025-08-06,21007.57,3252.82,5492.66,14029.87,35851.9
2025-08-07,17176.99,3365.3,5257.61,14941.27,35821.64
2025-08-08,24028.07,3266.62,4310.09,16321.81,36192.94
2025-08-11,23726.67,2987.48,5209.06,16454.98,33730.23
2025-08-12,23008.49,2807.97,4635.55,12842.31,39987.29
2025-08-13,22303.49,3521.92,5125.53,9552.7,34513.8
2025-08-14,16010.95,3800.62,5146.75,9682.54,36869.53
2025-08-15,14234.37,3087.23,4863.62,13237.4,39199.3
2025-08-18,19895.46,2862.97,5478.74,13904.91,30778.91
2025-08-19,23909.94,3863.71,4726.55,15712.6,32477.84
2025-08-20,15994.54,2819.25,4557.24,14872.63,33594.47
2025-08-21,21258.4,2818.52,4804.71,12133.87,34898.36
2025-08-22,19095.32,2664.14,4683.79,11491.99,32659.39
2025-08-25,24396.94,2812.91,4891.72,13437.67,36140.24
2025-08-26,14881.14,3623.28,4322.06,15654.33,34116.88
2025-08-27,14563.12,3318.49,5846.01,14628.09,36681.43
2025-08-28,18762.65,3013.87,4076.8,11867.64,42290.49
2025-08-29,22469.96,3327.42,5162.27,16119.5,29276.45
2025-09-01,19990.21,2853.23,4063.96,11509.16,33806.47
2025-09-02,22029.03,3403.53,4486.66,14644.37,38694.28
2025-09-03,18833.11,3023.91,3471.48,14538.79,32807.57
2025-09-04,19150.84,3827.15,5021.12,10819.12,28749.53
2025-09-05,17609.03,3364.15,3933.56,14435.88,39189.46
2025-09-08,17318.84,3425.62,4820.58,13012.91,34378.06
2025-09-09,18939.53,3502.67,4834.26,15729.67,33262.66
2025-09-10,20334.28,2582.45,4367.4,15956.62,36872.64
2025-09-11,19448.53,3471.78,5253.36,10890.33,40609.99
2025-09-12,17837.3,3262.82,4824.52,16217.67,33864.03
2025-09-15,17580.47,2232.31,5010.46,13452.89,38073.55
2025-09-16,15557.87,2911.54,4495.15,15184.8,35534.35
2025-09-17,18743.37,2833.53,3899.12,12967.78,32347.47
2025-09-18,19752.64,2877.51,3590.27,11068.56,40649.73
2025-09-19,20044.15,3483.63,5453.06,15483.64,32426.08
2025-09-22,19728.08,3153.43,4493.16,13839.61,34987.36
2025-09-23,17183.93,3000.5,3797.47,15572.89,38016.48
2025-09-24,18523.61,3284.17,4071.29,15329.12,28382.83
2025-09-25,20762.8,2699.81,4437.75,12983.16,39162.69
2025-09-26,24215.15,3565.18,4081.56,10760.77,32650.32
2025-09-29,19578.11,3608.64,4640.41,11102.18,31951.6
2025-09-30,20327.15,4091.52,4442.29,12968.03,40522.13
2025-10-01,22479.11,3324.12,3916.53,12858.86,29748.69
2025-10-02,17568.2,3021.51,4309.85,13572.52,38229.64
2025-10-03,22872.53,3046.02,5170.03,15365.77,29523.66
2025-10-06,18726.03,3397.58,4771.32,14976.81,26115.6
2025-10-07,21516.07,3051.27,4528.59,13990.95,38219.99
2025-10-08,21908.1,3315.49,3359.05,16070.38,34031.38
2025-10-09,17514.11,2726.4,4615.24,15643.23,36736.92
2025-10-10,18726.98,3008.6,3852.11,12785.13,38403.79
2025-10-13,20441.29,2939.78,5059.77,16212.31,33638.54
2025-10-14,26112.24,3930.95,5200.45,14421.85,29290.31
2025-10-15,18166.04,3112.06,4828.05,13631.82,24856.32
2025-10-16,17190.11,3297.78,4336.79,15175.66,36174.63
2025-10-17,23794.71,4010.82,5321.78,12232.29,33283.55
2025-10-20,21425.14,2879.42,5030.03,15008.55,33411.53
2025-10-21,25650.7,3377.72,4330.26,14611.98,32279.44
2025-10-22,18701.19,3102.49,3668.59,12912.91,37171.76
2025-10-23,21813.5,2745.75,4804.13,12855.4,26519.85
2025-10-24,20743.81,3494.38,5140.58,14450.01,27466.87
2025-10-27,24161.24,3160.9,4265.2,14065.63,35078.77
2025-10-28,26720.68,3039.21,3836.4,13229.69,36038.1
2025-10-29,21191.03,3088.66,4911.17,11596.75,30774.72
2025-10-30,24301.42,3523.0,4165.31,12830.24,35534.79
2025-10-31,25507.44,3346.29,5437.02,15486.07,41973.58
2025-11-03,17426.37,2958.49,3924.24,14761.83,30911.92
2025-11-04,23627.12,3042.23,3925.25,14730.45,35335.94
2025-11-05,17607.89,2971.2,4658.31,18096.1,38296.89
2025-11-06,15996.52,3476.57,5201.48,12611.46,35097.65
2025-11-07,23447.15,2743.96,3901.37,12316.57,36383.55
2025-11-10,19063.78,3334.79,4023.82,12281.4,39387.24
2025-11-11,18564.65,3400.66,4928.99,15074.43,26218.54
2025-11-12,18228.99,2981.29,5272.56,15384.27,29491.48
2025-11-13,14530.09,3162.85,5235.66,15468.82,32034.22
2025-11-14,17710.62,3122.82,5098.6,8909.28,35525.45
2025-11-17,17135.45,2904.02,5416.29,15494.96,40722.75
2025-11-18,16087.31,3046.22,4158.73,15036.67,33186.18
2025-11-19,23022.45,3630.38,4518.24,14033.27,37039.14
2025-11-20,21348.75,3625.51,5190.3,19555.19,41998.95
2025-11-21,17843.65,3381.14,4661.83,16531.47,32955.49
2025-11-24,21211.51,3351.4,4637.51,13052.95,34670.91
2025-11-25,15475.49,3359.38,4747.52,15428.11,32607.3
2025-11-26,20006.27,3641.1,4517.42,15724.71,33742.95
2025-11-27,19930.73,2817.89,4288.37,18355.89,29423.89
2025-11-28,16477.6,3038.41,4015.12,16739.29,40723.46
2025-12-01,21831.67,2998.55,4265.05,11958.79,39580.39
2025-12-02,19540.14,3046.02,4955.33,13306.18,34311.65
2025-12-03,14335.58,3037.0,4266.78,13663.07,41854.6
2025-12-04,19480.83,2443.28,4357.7,11433.88,36482.91
2025-12-05,19948.38,2900.75,5117.35,9539.25,26589.73
2025-12-08,15176.87,3479.03,4479.55,14505.6,33541.28
2025-12-09,17517.44,3080.71,4033.22,13684.3,34727.72
2025-12-10,20511.83,3354.88,4527.85,15595.86,35877.69
2025-12-11,20664.17,3068.24,5013.61,12489.32,36539.73
2025-12-12,28173.64,3478.67,3864.37,13791.18,28454.05
2025-12-15,17490.63,3538.22,4143.52,13832.25,30945.08
2025-12-16,17251.9,3926.08,4114.46,14906.26,29078.97
2025-12-17,21260.43,3443.01,4339.55,15449.96,30834.19
2025-12-18,21787.82,3106.78,5695.77,16091.53,33975.61
2025-12-19,16684.99,3909.45,5029.42,15140.83,31665.53
2025-12-22,19046.81,4033.55,5051.74,18037.1,42242.27
2025-12-23,23120.63,2909.46,5086.49,10183.07,34773.73
2025-12-24,19119.24,3092.08,3878.82,14548.68,36477.32
2025-12-25,19602.1,3436.78,4842.62,14780.91,31021.34
